ticker,strategy_id,strategy_name,conditions,csl,n_trades,trade_pnls,cumulative_pnls,total_pnl,return_pct,win_rate,profit_factor,max_drawdown_pct,sharpe,corr_trade_vs_pnl
ABSI,0,Rule 0,"[('EMA_50', 1.381, '<='), ('ATR_50', 0.044, '<='), ('EMA_20', 1.291, '<='), ('ATR_50', 0.032, '>')]",2.1548925164498436,8,"[-99.98429673713628, -99.99445972521055, 149.99996680398155, 149.93613761837412, -99.98318869711572, -99.94515883904249, 149.91961079071172, 149.9293777727733]","[-9.99842967e+01 -1.99978756e+02 -4.99787897e+01  9.99573480e+01
 -2.58407371e-02 -9.99709996e+01  4.99486112e+01  1.99877989e+02]",199.87798898733567,1.9987798898733569,0.5,1.499811048588131,-1.9794969488315761,2.968950497741494,0.7091123079172058
ABSI,1,Rule 1,"[('EMA_50', 1.381, '<='), ('ATR_50', 0.044, '<='), ('EMA_20', 1.291, '>'), ('SMA_10', 1.281, '<=')]",2.1548925164498436,2,"[-99.99094324072901, 149.9445890784184]",[-99.99094324  49.95364584],49.95364583768939,0.4995364583768939,0.5,1.4995817042892132,0.0,2.243491666157476,1.0
ABSI,4,Rule 4,"[('EMA_50', 1.381, '>'), ('VWAP_20', 15.089, '<='), ('SMA_10', 4.092, '<='), ('ATR_50', 0.14, '<=')]",2.1548925164498436,239,"[-99.95447811991507, 149.9538263467587, 149.87364070870652, 149.88393227196275, 149.94720608892325, -99.98103429987009, -99.99091862104244, -99.93135193700387, 149.9159580271206, -99.97503674490761, -99.97264058460154, -99.98706691425242, -99.95966689865419, -99.97165813991803, 149.9941576163364, -99.95885127392482, -99.92469192135461, -99.96670123937372, 149.89492044082178, -99.9699020811847, 149.98805517339213, 149.88355983241547, -99.95973515765985, 149.938448411253, 149.87055714692306, -99.9485116991971, 149.8738846270169, 149.9876657795532, 149.67960516075917, 149.90162008327442, -99.82325231914128, 149.7551478121134, 149.6147793633594, -99.83489420438265, 149.69571315576718, 149.98538840204148, 149.92108541334233, -99.7739827470361, -99.75088171299073, -99.98726259760355, -99.93442029387015, 54.72002935409546, 149.97155433203477, 149.75439467165484, 149.9238036486745, 149.9930539150732, 149.83237830943472, -99.78937406872572, -99.99330994680663, 149.99003524969416, -47.87995433807373, -99.97706129283031, 149.9112973308943, -20.790025234222412, 149.91171127762996, 149.7461947901783, -99.85679435054163, -99.87036370240456, -99.87559483090926, 149.94210318623962, 149.71212384653217, 149.82017390134902, -99.89202721802948, -99.90892450210083, 149.9922069711431, -99.95686207313116, 149.9893533172603, 40.49503564834595, 149.93872006524361, -99.91037050794243, 149.8955977031188, -99.97405157726224, 149.77566105611902, -99.96962353758683, -99.83288020922221, -99.84270790306067, -99.78370277598543, -99.9413749442813, -99.88721877542751, 149.95634013645352, 149.78936052446323, 149.8665401589096, 149.80443002287214, 149.66644258859031, -99.95846983318991, -99.77717194176275, -99.83164529972392, 149.79787504676577, -99.94035157296558, 149.78283626645057, 149.92078566146708, -99.86628522939577, -99.79970472960605, 149.6698366219855, -99.88061610638519, 149.72023120381553, 149.70019010600504, -99.74885866526604, -99.80074304124909, -99.89778293286672, -99.91225046144618, 149.67240399494833, 149.98325248497378, -99.75216502956032, 4.239995956420898, -40.62990427017212, -99.88240889427941, -99.90889858772319, 149.96656773579184, -99.91710073490968, -99.87431520318252, 149.7666644924801, 149.90713190805818, -99.86047640138706, 149.86058877099697, 149.7365028077375, 149.81677761765692, 149.75898000605503, -99.99799051294885, -99.9192101878696, -99.87913168109138, -99.86605484626133, 149.90989121901455, 149.96746037924405, -99.98540385237725, -99.98033051181308, -4.769995450973511, 149.93811193021696, -99.89736586756877, 149.8495010033812, 149.83256733437295, -99.99109155481659, -99.90890012902226, -99.92903418258966, 149.81632553917822, -99.8773167498647, -99.91320712533125, -99.87141811548707, 149.96097577886076, -99.93459901265432, 149.8775466384034, -99.8944298980314, -99.89938715821248, 149.95634815120948, 149.90503481631794, 149.9782017244433, -99.89065463968353, 149.96835804733175, -99.83107022042837, 23.239997625350952, -51.24000930786133, 149.84814891403983, 149.96584070494217, -99.96486597840999, -99.89183232587912, -99.86341951227773, -99.96938859220677, -99.89528322294032, -71.99000597000122, -99.993120623884, 149.93224115225425, -99.93626765403285, 149.94353728811345, 54.96909761428833, -99.8614944603582, 149.96201686484255, 149.98210558879927, 149.98959053862578, -99.95702563580593, 149.99950157051356, -99.84674049672869, 149.86564167393323, 149.86160482627895, 149.81420686924878, -99.98364839475047, -99.76899119808486, -99.87623405907894, 149.89641599429595, -99.78809597202279, -99.85174312248402, -99.91955054784202, 149.85784146676122, -99.87094873849314, 68.09993505477905, 149.97069602872952, 149.9418403638939, 149.8038793320684, -99.84748490315825, -99.93910507289692, -99.87655277921023, 149.71133499417016, -99.84032891796556, 79.79992389678955, -99.95064928086819, 149.86267424134076, -99.91464383200076, 149.85214653562855, 149.8012097863791, -99.99452954606572, -99.96372958875894, -99.87827258144806, -99.89980095595602, -99.82142879774014, 24.120040893554688, -99.99541365585816, 149.83978650255875, -99.93027979898005, 149.88535629373948, -99.89679049028896, -99.92546019737152, -99.87457386402022, -99.98972873803268, -99.87864726101677, 149.84149506358767, 60.277501344680786, -99.90659561950649, -99.89018345423193, -99.90698422214494, -99.92180207776558, 149.86885534449155, 149.87575950193974, 149.83440299093667, 149.84558394550382, 149.9992244757371, -99.97405909880246, -99.84030299331256, -99.97761108454303, 149.9104785002624, -99.93908067926779, 149.8605709844038, 149.7566234674146, 149.92977014131984, 149.84773174598865, -99.99688627479986, 149.85632341031828, -99.88791328486309, 149.76075761728944, 149.89887649356984, 149.98840227397986]","[-9.99544781e+01  4.99993482e+01  1.99872989e+02  3.49756921e+02
  4.99704127e+02  3.99723093e+02  2.99732174e+02  1.99800822e+02
  3.49716780e+02  2.49741744e+02  1.49769103e+02  4.97820362e+01
 -5.01776307e+01 -1.50149289e+02 -1.55131200e-01 -1.00113982e+02
 -2.00038674e+02 -3.00005376e+02 -1.50110455e+02 -2.50080357e+02
 -1.00092302e+02  4.97912577e+01 -5.01684774e+01  9.97699710e+01
  2.49640528e+02  1.49692016e+02  2.99565901e+02  4.49553567e+02
  5.99233172e+02  7.49134792e+02  6.49311540e+02  7.99066688e+02
  9.48681467e+02  8.48846573e+02  9.98542286e+02  1.14852767e+03
  1.29844876e+03  1.19867478e+03  1.09892390e+03  9.98936633e+02
  8.99002212e+02  9.53722242e+02  1.10369380e+03  1.25344819e+03
  1.40337199e+03  1.55336505e+03  1.70319743e+03  1.60340805e+03
  1.50341474e+03  1.65340478e+03  1.60552482e+03  1.50554776e+03
  1.65545906e+03  1.63466903e+03  1.78458075e+03  1.93432694e+03
  1.83447015e+03  1.73459978e+03  1.63472419e+03  1.78466629e+03
  1.93437841e+03  2.08419859e+03  1.98430656e+03  1.88439764e+03
  2.03438984e+03  1.93443298e+03  2.08442233e+03  2.12491737e+03
  2.27485609e+03  2.17494572e+03  2.32484132e+03  2.22486727e+03
  2.37464293e+03  2.27467330e+03  2.17484042e+03  2.07499772e+03
  1.97521401e+03  1.87527264e+03  1.77538542e+03  1.92534176e+03
  2.07513112e+03  2.22499766e+03  2.37480209e+03  2.52446853e+03
  2.42451006e+03  2.32473289e+03  2.22490125e+03  2.37469912e+03
  2.27475877e+03  2.42454161e+03  2.57446239e+03  2.47459611e+03
  2.37479640e+03  2.52446624e+03  2.42458562e+03  2.57430585e+03
  2.72400604e+03  2.62425718e+03  2.52445644e+03  2.42455866e+03
  2.32464641e+03  2.47431881e+03  2.62430206e+03  2.52454990e+03
  2.52878990e+03  2.48815999e+03  2.38827758e+03  2.28836868e+03
  2.43833525e+03  2.33841815e+03  2.23854384e+03  2.38831050e+03
  2.53821763e+03  2.43835716e+03  2.58821774e+03  2.73795425e+03
  2.88777102e+03  3.03753000e+03  2.93753201e+03  2.83761280e+03
  2.73773367e+03  2.63786762e+03  2.78777751e+03  2.93774497e+03
  2.83775956e+03  2.73777923e+03  2.73300924e+03  2.88294735e+03
  2.78304998e+03  2.93289949e+03  3.08273205e+03  2.98274096e+03
  2.88283206e+03  2.78290303e+03  2.93271935e+03  2.83284204e+03
  2.73292883e+03  2.63305741e+03  2.78301839e+03  2.68308379e+03
  2.83296133e+03  2.73306690e+03  2.63316752e+03  2.78312387e+03
  2.93302890e+03  3.08300710e+03  2.98311645e+03  3.13308481e+03
  3.03325374e+03  3.05649373e+03  3.00525372e+03  3.15510187e+03
  3.30506771e+03  3.20510285e+03  3.10521101e+03  3.00534760e+03
  2.90537821e+03  2.80548292e+03  2.73349292e+03  2.63349980e+03
  2.78343204e+03  2.68349577e+03  2.83343931e+03  2.88840841e+03
  2.78854691e+03  2.93850893e+03  3.08849103e+03  3.23848062e+03
  3.13852360e+03  3.28852310e+03  3.18867636e+03  3.33854200e+03
  3.48840361e+03  3.63821781e+03  3.53823416e+03  3.43846517e+03
  3.33858894e+03  3.48848535e+03  3.38869726e+03  3.28884552e+03
  3.18892597e+03  3.33878381e+03  3.23891286e+03  3.30701279e+03
  3.45698349e+03  3.60692533e+03  3.75672921e+03  3.65688172e+03
  3.55694262e+03  3.45706607e+03  3.60677740e+03  3.50693707e+03
  3.58673700e+03  3.48678635e+03  3.63664902e+03  3.53673438e+03
  3.68658652e+03  3.83638773e+03  3.73639320e+03  3.63642947e+03
  3.53655120e+03  3.43665140e+03  3.33682997e+03  3.36095001e+03
  3.26095460e+03  3.41079439e+03  3.31086411e+03  3.46074946e+03
  3.36085267e+03  3.26092721e+03  3.16105264e+03  3.06106291e+03
  2.96118426e+03  3.11102576e+03  3.17130326e+03  3.07139666e+03
  2.97150648e+03  2.87159949e+03  2.77167769e+03  2.92154655e+03
  3.07142231e+03  3.22125671e+03  3.37110229e+03  3.52110152e+03
  3.42112746e+03  3.32128716e+03  3.22130955e+03  3.37122002e+03
  3.27128094e+03  3.42114151e+03  3.57089814e+03  3.72082791e+03
  3.87067564e+03  3.77067875e+03  3.92053508e+03  3.82064716e+03
  3.97040792e+03  4.12030680e+03  4.27029520e+03]",4270.295200236231,42.70295200236231,0.4811715481171548,1.3550858463239728,-7.695000033661175,2.3329144674154136,0.915206981411559
ABSI,5,Rule 5,"[('EMA_50', 1.381, '>'), ('VWAP_20', 15.089, '<='), ('SMA_10', 4.092, '<='), ('ATR_50', 0.14, '>')]",2.1548925164498436,23,"[149.7908540434225, -99.93253913815307, 149.5730963589392, 149.7823269287052, 123.41997146606445, -99.81363690330899, 149.73489369133551, 149.52870721838585, 149.6227932100183, 149.80786203388027, -99.65259690370513, -99.92792666661099, -99.82477149559526, -47.493581771850586, -99.97495461420911, 149.59682379754463, -99.93150739244467, -99.75846603551632, 149.6412173770398, -99.68143189971774, -99.73750031743191, -35.625, 149.62470343463906]","[149.79085404  49.85831491 199.43141126 349.21373819 472.63370966
 372.82007276 522.55496645 672.08367367 821.70646688 971.51432891
 871.86173201 771.93380534 672.10903384 624.61545207 524.64049746
 674.23732125 574.30581386 474.54734783 624.1885652  524.5071333
 424.76963299 389.14463299 538.76933642]",538.769336421431,5.387693364214311,0.4782608695652174,1.4982358965694182,-5.308015634523547,3.0371322097297613,0.3350306509720446
ABSI,6,Rule 6,"[('EMA_50', 1.381, '>'), ('VWAP_20', 15.089, '<='), ('SMA_10', 4.092, '>'), ('SMA_10', 9.943, '<=')]",2.1548925164498436,129,"[149.64902390353842, -99.80855224960835, -99.65824495365287, 29.645989179611206, -99.85148856150222, -99.73032314451238, 149.5086090770906, 149.83255768583965, -99.89926794385438, 28.692342281341553, 149.58981877747442, 149.71674560183317, 149.8885694248433, -99.90829766597713, -99.86477797232263, -55.64004898071289, 149.82736702157766, 149.96687987971296, -99.95752421528286, 149.6216202196479, -99.98595395234987, 149.70694478825337, 149.873387627372, 149.97655788256967, -99.72219083873189, -99.95431307245535, -99.98927010903206, -99.6648035826385, -99.97156656105517, -99.90165304276941, 149.9321303328394, -99.91393097082889, -99.97783890912069, 149.87082651208385, 149.86885534449155, -99.94981101959053, 149.6557489003635, -99.80778235008945, -99.9210762285788, -99.90637437113904, -99.96199102377165, -99.88960034990498, 149.862899825897, -99.78134557458641, -99.88011153639214, -99.78164347690257, 149.80192337709917, -43.89995813369751, 149.93231273019094, 149.69278678338625, 149.76076871464383, -99.89217857361466, -99.80262898526901, -99.92778546305037, -99.85943198619907, -99.72709449252544, -99.90527928830721, 5.249953269958496, -99.92041702517109, -99.9782245832908, -99.81841466378104, 149.81185011482637, -14.525134563446045, -99.89827698092387, -99.92998101298562, -99.92704755062827, -99.99052704883398, -99.96404576060877, 149.81283380282463, -99.83487267757009, -2.870065689086914, -99.9415337289288, 149.89029356840706, -99.87903450731223, -99.9147156051687, -99.93948709932549, -99.86970116979064, -99.96934203469449, -99.8641159329243, -99.92644994781324, -99.88772185549806, 149.83965598533956, -99.76544090777334, -99.96981414492548, 149.74021897267258, 149.51666386065722, 149.60662029548655, -99.884979575898, -99.97957613831535, -99.61790219625829, -99.91939931556108, -99.70180016911705, -99.75221683776536, -99.81162208612204, 149.8702336667459, -99.88264358277647, -99.9501633400451, -99.67963252533798, 23.120010375976562, -99.91600835448926, -99.89535991799023, 149.65345396745357, 149.5842306121395, 149.96645577581512, -99.91611042960015, -99.77137819793585, 149.76887070820618, -99.64075812262391, -99.76129072324886, -99.92581853916839, -99.52171281410956, 149.87699426758337, 149.63163508886572, 149.68786076020328, 149.75974936098154, -99.8196071156229, -99.75545515883614, -99.81025553939372, 149.66044607143624, -99.8034228982302, -99.76797887274685, 149.1260442418894, 149.83803635727662, -99.56846625631371, -99.94449226308672, -99.9000118056913, 149.3459130747619, -99.47017772735919, 148.84477374658627]","[  149.6490239     49.84047165   -49.8177733    -20.17178412
  -120.02327268  -219.75359583   -70.24498675    79.58757094
   -20.31169701     8.38064527   157.97046405   307.68720965
   457.57577908   357.66748141   257.80270344   202.16265446
   351.99002148   501.95690136   401.99937715   551.62099737
   451.63504341   601.3419882    751.21537583   901.19193371
   801.46974287   701.5154298    601.52615969   501.86135611
   401.88978955   301.9881365    451.92026684   352.00633587
   252.02849696   401.89932347   551.76817881   451.81836779
   601.47411669   501.66633434   401.74525812   301.83888374
   201.87689272   101.98729237   251.8501922    152.06884662
    52.18873509   -47.59290839   102.20901499    58.30905685
   208.24136958   357.93415637   507.69492508   407.80274651
   308.00011752   208.07233206   108.21290007     8.48580558
   -91.41947371   -86.16952044  -186.08993746  -286.06816205
  -385.88657671  -236.0747266   -250.59986116  -350.49813814
  -450.42811915  -550.3551667   -650.34569375  -750.30973951
  -600.49690571  -700.33177839  -703.20184408  -803.14337781
  -653.25308424  -753.13211874  -853.04683435  -952.98632145
 -1052.85602262 -1152.82536465 -1252.68948059 -1352.61593053
 -1452.50365239 -1302.6639964  -1402.42943731 -1502.39925146
 -1352.65903248 -1203.14236862 -1053.53574833 -1153.4207279
 -1253.40030404 -1353.01820624 -1452.93760555 -1552.63940572
 -1652.39162256 -1752.20324465 -1602.33301098 -1702.21565456
 -1802.1658179  -1901.84545043 -1878.72544005 -1978.64144841
 -2078.53680833 -1928.88335436 -1779.29912375 -1629.33266797
 -1729.2487784  -1829.0201566  -1679.25128589 -1778.89204401
 -1878.65333474 -1978.57915327 -2078.10086609 -1928.22387182
 -1778.59223673 -1628.90437597 -1479.14462661 -1578.96423373
 -1678.71968889 -1778.52994442 -1628.86949835 -1728.67292125
 -1828.44090012 -1679.31485588 -1529.47681953 -1629.04528578
 -1728.98977804 -1828.88978985 -1679.54387678 -1779.0140545
 -1630.16928076]",-1630.169280756356,-16.301692807563562,0.35658914728682173,0.796362394218359,-27.333971919363986,-1.732521335067905,-0.9093198476063801
ABSI,7,Rule 7,"[('EMA_50', 1.381, '>'), ('VWAP_20', 15.089, '<='), ('SMA_10', 4.092, '>'), ('SMA_10', 9.943, '>')]",2.1548925164498436,2,"[149.57240258932723, 72.07993125915527]",[149.57240259 221.65233385],221.6523338484825,2.216523338484825,1.0,inf,0.0,32.10687740385494,1.0
CRMD,4,Rule 4,"[('EMA_50', 1.381, '>'), ('VWAP_20', 15.089, '<='), ('SMA_10', 4.092, '<='), ('ATR_50', 0.14, '<=')]",2.0251315225208346,93,"[149.99799835437645, -99.91090043257783, 149.84592938749736, -99.91017875775779, -99.99218795530028, -99.93370435839843, 149.82246227675898, -99.98847687381989, -99.98519101016545, 149.850368435059, -99.95364647960122, -99.96728261290991, -99.9298444110869, -99.9872301611102, 149.860083393513, -99.92694477199015, 149.96259933246762, -99.98186105456901, -99.94143957801356, 149.99307462859923, -99.95997963145436, -99.92446473059056, -99.99676206461281, -99.95683867443321, 149.95256711191934, 149.89267620373255, 149.9754099537559, 149.8896666244773, -99.89660998874857, 149.88797479173087, -99.89890220967489, -99.9843922565272, -99.95255190630343, -99.99185650286203, 149.82565042548453, -99.89881526183231, 149.95306662264065, -99.8874103778066, 149.96281860442065, -99.92820342023208, -99.95346763009039, 149.77831552355119, 71.59497785568237, -99.9840424662442, 149.9670485339232, -99.8715368826006, 149.8830780657505, -99.95855918722111, 149.98296647836537, 149.93172775927923, -99.97757316627546, -99.99126320261134, -99.93793386301148, -99.96473918572144, 149.90118189286432, -99.97092107691147, -99.92771139818811, -99.94614365523083, -99.9080711899465, 4.470102310180664, -99.99765804069466, -99.93952519973382, -99.92819494175505, -99.95954225599432, -99.94980392378933, 149.86437439122483, 149.95654215117503, -99.94387331611397, 149.94465247788364, -99.97132855560083, 149.98826271152865, -99.9264892035344, 149.93800926774463, 149.9609371067946, 149.8667727959007, -99.99073257356218, 149.85566434955544, -99.92217504934445, -99.98401548576106, -99.95049389605853, 149.94563027899258, 149.90564717252474, 149.91662386449764, 149.96406150760936, 149.8503583970445, -99.97876464334999, 149.9512497420167, 17.000064849853516, -99.80142778745534, -99.89940596446316, 149.91062437643978, 149.97667616309954, 149.71006962681363]","[ 1.49997998e+02  5.00870979e+01  1.99933027e+02  1.00022849e+02
  3.06605962e-02 -9.99030438e+01  4.99194185e+01 -5.00690584e+01
 -1.50054249e+02 -2.03880934e-01 -1.00157527e+02 -2.00124810e+02
 -3.00054654e+02 -4.00041885e+02 -2.50181801e+02 -3.50108746e+02
 -2.00146147e+02 -3.00128008e+02 -4.00069447e+02 -2.50076373e+02
 -3.50036352e+02 -4.49960817e+02 -5.49957579e+02 -6.49914418e+02
 -4.99961851e+02 -3.50069174e+02 -2.00093764e+02 -5.02040979e+01
 -1.50100708e+02 -2.12733053e-01 -1.00111635e+02 -2.00096028e+02
 -3.00048579e+02 -4.00040436e+02 -2.50214786e+02 -3.50113601e+02
 -2.00160534e+02 -3.00047945e+02 -1.50085126e+02 -2.50013329e+02
 -3.49966797e+02 -2.00188481e+02 -1.28593504e+02 -2.28577546e+02
 -7.86104975e+01 -1.78482034e+02 -2.85989563e+01 -1.28557516e+02
  2.14254510e+01  1.71357179e+02  7.13796055e+01 -2.86116577e+01
 -1.28549592e+02 -2.28514331e+02 -7.86131488e+01 -1.78584070e+02
 -2.78511781e+02 -3.78457925e+02 -4.78365996e+02 -4.73895894e+02
 -5.73893552e+02 -6.73833077e+02 -7.73761272e+02 -8.73720814e+02
 -9.73670618e+02 -8.23806244e+02 -6.73849702e+02 -7.73793575e+02
 -6.23848922e+02 -7.23820251e+02 -5.73831988e+02 -6.73758478e+02
 -5.23820468e+02 -3.73859531e+02 -2.23992758e+02 -3.23983491e+02
 -1.74127827e+02 -2.74050002e+02 -3.74034017e+02 -4.73984511e+02
 -3.24038881e+02 -1.74133234e+02 -2.42166097e+01  1.25747452e+02
  2.75597810e+02  1.75619046e+02  3.25570295e+02  3.42570360e+02
  2.42768932e+02  1.42869526e+02  2.92780151e+02  4.42756827e+02
  5.92466897e+02]",592.4668965730866,5.924668965730866,0.44086021505376344,1.113996862685233,-11.505993640835277,0.8271978897298778,0.02034268911159485
CRMD,5,Rule 5,"[('EMA_50', 1.381, '>'), ('VWAP_20', 15.089, '<='), ('SMA_10', 4.092, '<='), ('ATR_50', 0.14, '>')]",2.0251315225208346,3,"[149.84801662820823, -91.44994974136353, 38.87000322341919]",[149.84801663  58.39806689  97.26807011],97.26807011026389,0.9726807011026388,0.6666666666666666,2.0636208153788496,-0.9009982178210321,4.2614860203488485,-0.5728170287088249
CRMD,6,Rule 6,"[('EMA_50', 1.381, '>'), ('VWAP_20', 15.089, '<='), ('SMA_10', 4.092, '>'), ('SMA_10', 9.943, '<=')]",2.0251315225208346,183,"[-54.14565467834473, -99.89854570806958, -99.90698256510146, 149.87671619522945, -99.97343458801635, -99.91329350682166, -99.9699460713824, -99.84384199577737, 149.9097586302801, 149.95000447779407, 149.86050102126777, 149.97756950293484, -99.82590113310094, 149.94204767830365, 149.71599671949454, 149.99391843018137, -99.76834424917348, -99.69610577200385, 149.94190969543774, -99.63467007180829, 59.019943714141846, 149.61716193627998, -99.87546314164453, 149.98120917400945, -99.80051141667737, -99.93007117654545, -99.78288773401452, -36.49996519088745, 136.07987022399902, -99.86103428040352, -99.99544309171812, 149.85646594222825, -99.87153476780944, -99.88906906917202, 149.87309746927627, -99.99578870070206, -99.97019575190482, -99.95524866066256, -99.95899958519065, -99.88053168714582, -99.98412164054031, -99.97831938812081, 149.98422683582203, -99.87293336885945, 149.9335982194353, -99.93292975586542, -99.98820915480673, -99.98552356345397, 149.96329527250296, -99.96065155557596, 149.8274226202863, 149.82106833983684, -99.95396336991757, 149.86975749015014, 149.96910723944183, -99.89459336660404, -99.93499220813699, -99.93562061971127, -99.95803848513594, 149.99702833164193, 149.80777383700186, -99.9081061467649, -99.9824077135402, -99.8915104456267, -99.88770971246099, -99.90485050820448, 149.8343105233238, 149.83517188056783, 149.7569288746057, -99.90914961744323, -99.75127914170119, -99.94988188135666, 149.65903549202324, -99.81409017058995, 149.7778086400313, 149.92582818785056, 149.89242260263887, 149.8528504608858, 149.64173997856136, 79.92013549804688, 149.69509957222527, 149.66703380514952, 149.61214866504037, -99.80182415142177, 148.97118120049453, 149.8290630607158, -25.559975624084473, -99.86855470871826, -99.83523255635461, -99.71234782988373, -99.6829487981753, 149.94464136798865, -99.71484857498976, -99.85917141031914, 149.9109920313949, 149.6788790388618, -99.65199509577747, 149.77378120900286, 149.33714713299494, 149.79463820421412, -99.60058157328744, 149.56864666233915, 21.945061683654785, 149.751517414306, -99.79405411983728, -99.35281089078886, -70.79998874664307, 149.6703299820308, 149.99861210726246, -99.92104953636553, 149.75024271682872, 149.67466214574165, 149.52420980616702, 149.69014180700532, 149.67514698329052, 149.80224942369028, -99.69461294205021, -99.77235149795055, -99.8478781563536, 149.89648694111423, 149.62802419778475, 37.60009765625, 149.74992793164674, -99.96081679896619, -32.576833724975586, 149.85658700676663, 149.94740629779997, 149.68033427575133, -99.89913817785433, -99.88850149404894, 23.159977912902832, -99.99260772681566, -99.99470664233161, -99.78175841634312, 149.8084850440895, -99.91020156659872, -99.84974477319058, -99.9577756137261, -99.85382691839872, 149.95206419725378, -99.85539221132623, -23.099899291992188, 149.87808837587818, 149.8637780491515, -99.94292508827994, 149.82911891437192, 149.99255071087254, 10.614387512207031, -99.93721582872209, 149.9945965248575, 149.94519903546063, -99.92549928824602, 149.9835431499858, 149.70417405320893, 149.805222269317, -99.80847403908552, 149.88756631841417, -99.84314589158018, 149.9794789853285, -99.89732328165748, -99.82866388052493, 149.729182701688, -99.9174380528471, 149.86723242977635, 102.48996829986572, -99.87479011667233, -99.98097734234362, 149.89123649462334, -99.84591476127592, -99.83430189383876, 149.733085620779, -99.8298741203336, 149.69240422772737, -99.85933456788791, -99.89896918771137, 149.65519920333134, -99.82072138242873, -99.77702736829879, -99.78112627732966, -99.94990401423695, -99.76918572352012, 149.641164060154, 149.53784371846203]","[ -54.14565468 -154.04420039 -253.95118295 -104.07446676 -204.04790134
 -303.96119485 -403.93114092 -503.77498292 -353.86522429 -203.91521981
  -54.05471879   95.92285071   -3.90305042  146.03899726  295.75499398
  445.74891241  345.98056816  246.28446239  396.22637208  296.59170201
  355.61164573  505.22880766  405.35334452  555.33455369  455.53404228
  355.6039711   255.82108337  219.32111818  355.4009884   255.53995412
  155.54451103  305.40097697  205.5294422   105.64037313  255.5134706
  155.5176819    55.54748615  -44.40776251 -144.3667621  -244.24729378
 -344.23141542 -444.20973481 -294.22550798 -394.09844134 -244.16484313
 -344.09777288 -444.08598204 -544.0715056  -394.10821033 -494.06886188
 -344.24143926 -194.42037092 -294.37433429 -144.5045768     5.46453044
  -94.43006293 -194.36505514 -294.30067576 -394.25871424 -244.26168591
  -94.45391207 -194.36201822 -294.34442593 -394.23593638 -494.12364609
 -594.0284966  -444.19418608 -294.3590142  -144.60208532 -244.51123494
 -344.26251408 -444.21239596 -294.55336047 -394.36745064 -244.589642
  -94.66381381   55.22860879  205.08145925  354.72319923  434.64333473
  584.3384343   734.0054681   883.61761677  783.81579262  932.78697382
 1082.61603688 1057.05606126  957.18750655  857.35227399  757.63992616
  657.95697736  807.90161873  708.18677016  608.32759874  758.23859078
  907.91746981  808.26547472  958.03925593 1107.37640306 1257.17104127
 1157.57045969 1307.13910635 1329.08416804 1478.83568545 1379.04163133
 1279.68882044 1208.8888317  1358.55916168 1508.55777378 1408.63672425
 1558.38696696 1708.06162911 1857.58583892 2007.27598072 2156.95112771
 2306.75337713 2207.05876419 2107.28641269 2007.43853453 2157.33502148
 2306.96304567 2344.56314333 2494.31307126 2394.35225446 2361.77542074
 2511.63200774 2661.57941404 2811.25974832 2711.36061014 2611.47210865
 2634.63208656 2534.63947883 2434.64477219 2334.86301377 2484.67149882
 2384.76129725 2284.91155248 2184.95377686 2085.09994995 2235.05201414
 2135.19662193 2112.09672264 2261.97481102 2411.83858906 2311.89566398
 2461.72478289 2611.7173336  2622.33172111 2522.39450528 2672.38910181
 2822.33430085 2722.40880156 2872.39234471 3022.09651876 3171.90174103
 3072.09326699 3221.98083331 3122.13768742 3272.1171664  3172.21984312
 3072.39117924 3222.12036194 3122.20292389 3272.07015632 3374.56012462
 3274.6853345  3174.70435716 3324.59559365 3224.74967889 3124.915377
 3274.64846262 3174.8185885  3324.51099273 3224.65165816 3124.75268897
 3274.40788818 3174.58716679 3074.81013942 2975.02901315 2875.07910913
 2775.30992341 2924.95108747 3074.48893119]",3074.488931187848,30.744889311878477,0.47540983606557374,1.3330744203662475,-10.888930563477865,2.201224101634138,0.9163984661464166
CRMD,7,Rule 7,"[('EMA_50', 1.381, '>'), ('VWAP_20', 15.089, '<='), ('SMA_10', 4.092, '>'), ('SMA_10', 9.943, '>')]",2.0251315225208346,134,"[-99.85507029958845, 149.578343876828, 149.647586013913, 149.69834881813006, 149.70089931393454, 149.68410961211248, -99.79493445225987, 149.9626719596028, 149.79620627823604, 149.8987135552389, -99.94884669602341, 149.1236401869672, -99.80204918835285, -99.60098166469334, 149.14254832990932, 148.99646824816372, -99.53707612044624, -99.63892997533382, -99.53786081410472, -99.881537516477, 149.4631378886382, -99.66584715020544, -99.91431465148824, -39.05985927581787, 149.66854498260454, 149.77964109188974, 149.72663736249714, -99.51904774984536, 14.319986343383789, -99.66553933707428, -99.50204398096658, -99.71858227217965, 149.3590508338384, -99.56873865441314, -99.77324052129474, 149.63291985188494, 149.5682191848734, -99.88665009598174, -99.9343372989083, -99.95533363856295, 149.67974700120604, -99.73850541820394, -99.60809400595443, -99.86984842000047, 149.76005216008588, -99.99647464617773, -99.74641164618686, 30.659866333007812, 149.45623874534132, -99.8858899300354, 149.89015212832973, -99.87508730756609, 149.95992273139035, -99.768695632792, 98.81994438171387, 16.86992645263672, -99.75317121328216, 149.65596429413353, -99.76012580465843, 149.58030292644466, 149.87424380184112, 149.5651521586259, 149.9560614128445, -99.64164722095484, -99.52292807253997, -99.832954414721, 149.6455930697018, -99.96126131063846, -31.979949951171875, -99.74901023175768, -99.74404280995815, 149.9230151682727, 149.9750961535448, -99.92169104226159, 149.9848954573934, -99.83969826090465, 149.39327904375315, -99.58746430731406, 149.7592788418779, 149.33823845202522, 149.20436610233332, 44.639957427978516, 149.7999050186079, -99.68556573124732, -99.6528897971904, -99.98811525422704, -99.86353201265686, -99.84945886118197, -99.92568701215363, 149.6002941320421, -99.67586098462645, -99.76531961531069, -99.98808412141426, -99.99892614272812, 149.99027571728425, -99.77945657746348, 149.77235021978504, -99.83614877262727, 28.75, -99.68301075479006, -99.75464256700293, -99.9922593174237, 149.53684623241548, 149.8682682138175, -99.78711857123537, -99.9475507444143, -99.88064362621668, 53.62492561340332, -99.80270776708159, -99.95835143556768, 149.59658113855886, -99.9519056300569, -99.84433847916105, 149.32200977816498, -99.82992398691054, -99.7121897709886, 149.5787246550751, 149.9300870291525, 149.55867075896322, -99.86304624807623, -99.70640107640698, 149.55430751072268, -99.7904249068384, 149.62153265871294, 149.45288213758485, 149.67008611476984, -99.92770832739564, -99.83327200031103, -99.71550962580321, -99.92814750863594, -99.73388802810162, -99.73152494719376, -99.87769794454849, -99.6005627236439]","[ -99.8550703    49.72327358  199.37085959  349.06920841  498.77010772
  648.45421734  548.65928288  698.62195484  848.41816112  998.31687468
  898.36802798 1047.49166817  947.68961898  848.08863731  997.23118564
 1146.22765389 1046.69057777  947.0516478   847.51378698  747.63224947
  897.09538735  797.4295402   697.51522555  658.45536628  808.12391126
  957.90355235 1107.63018971 1008.11114196 1022.43112831  922.76558897
  823.26354499  723.54496272  872.90401355  773.3352749   673.56203438
  823.19495423  972.76317341  872.87652332  772.94218602  672.98685238
  822.66659938  722.92809396  623.31999996  523.45015154  673.2102037
  573.21372905  473.4673174   504.12718374  653.58342248  553.69753255
  703.58768468  603.71259737  753.6725201   653.90382447  752.72376885
  769.59369531  669.84052409  819.49648839  719.73636258  869.31666551
 1019.19090931 1168.75606147 1318.71212288 1219.07047566 1119.54754759
 1019.71459317 1169.36018624 1069.39892493 1037.41897498  937.66996475
  837.92592194  987.84893711 1137.82403326 1037.90234222 1187.88723768
 1088.04753942 1237.44081846 1137.85335415 1287.61263299 1436.95087145
 1586.15523755 1630.79519498 1780.59509999 1680.90953426 1581.25664447
 1481.26852921 1381.4049972  1281.55553834 1181.62985133 1331.23014546
 1231.55428447 1131.78896486 1031.80088074  931.80195459 1081.79223031
  982.01277373 1131.78512395 1031.94897518 1060.69897518  961.01596443
  861.26132186  761.26906254  910.80590877 1060.67417699  960.88705842
  860.93950767  761.05886405  814.68378966  714.88108189  614.92273046
  764.5193116   664.56740597  564.72306749  714.04507726  614.21515328
  514.50296351  664.08168816  814.01177519  963.57044595  863.7073997
  764.00099863  913.55530614  813.76488123  963.38641389 1112.83929603
 1262.50938214 1162.58167381 1062.74840181  963.03289219  863.10474468
  763.37085665  663.6393317   563.76163376  464.16107103]",464.16107103445916,4.641610710344592,0.43283582089552236,1.0622583254629474,-11.17459701981252,0.46044872389858194,0.2592626538094303
FLGT,7,Rule 7,"[('EMA_50', 1.381, '>'), ('VWAP_20', 15.089, '<='), ('SMA_10', 4.092, '>'), ('SMA_10', 9.943, '>')]",2.017005478976958,11,"[50.99992752075195, 149.22183002330547, 149.69302802199476, 149.61494446348428, 149.54808041331376, 149.50098100709477, -99.66099898609552, 149.5385791882972, -99.96082996210608, 149.22000105797594, 149.67739704512468]","[  50.99992752  200.22175754  349.91478557  499.52973003  649.07781044
  798.57879145  698.91779246  848.45637165  748.49554169  897.71554275
 1047.39293979]",1047.392939793141,10.47392939793141,0.8181818181818182,6.246885800575054,-0.9229084762987936,14.995679604026387,0.9479940819141583
FLGT,8,Rule 8,"[('EMA_50', 1.381, '>'), ('VWAP_20', 15.089, '>'), ('EMA_50', 18.098, '>'), ('SMA_10', 18.149, '<=')]",2.017005478976958,14,"[-99.43781951194035, 149.83031572028528, -99.64537239495685, 149.64907607040533, 149.67581933602784, -99.6053650623508, 149.79594555266917, 149.34692700462034, -99.72695969105027, 149.56081161395417, -99.77580842695332, -99.65907203429724, 149.22767510657923, 149.42126711071313]","[-99.43781951  50.39249621 -49.25287619 100.39619988 250.07201922
 150.46665416 300.26259971 449.60952671 349.88256702 499.44337864
 399.66757021 300.00849818 449.23617328 598.65744039]",598.6574403937057,5.986574403937057,0.5714285714285714,2.00134990839856,-1.8994805083383999,5.304056859860025,0.9007567281750402
FLGT,9,Rule 9,"[('EMA_50', 1.381, '>'), ('VWAP_20', 15.089, '>'), ('EMA_50', 18.098, '>'), ('SMA_10', 18.149, '>')]",2.017005478976958,318,"[-99.78403498151054, 12.36492919921875, -99.55015239963063, -99.44318980133926, -99.40104861814142, -99.69791368571231, -99.62039919506225, -99.44770972053786, -99.52403375446329, -99.55422628227083, -99.91415177844016, 149.3244362824781, -99.49995378182598, -99.82871827301572, -17.339813232421875, -99.93244412473008, -99.74269523298567, -99.67744417011762, -99.710782036632, 149.4847857712803, -99.77160043326836, 149.786711626429, -99.46624320510149, -99.97456230207432, -99.5406958398241, -99.70840296980549, 149.84130359276847, -99.9319944718665, 149.33890723344192, 149.19142848078135, -99.68576959598438, -99.99803127310514, 148.96311308454779, 15.375, 49.78146743774414, -99.99276893424855, -99.66552652261704, -99.51163159907728, 149.94147831022534, -99.51893730396634, 149.37231865713193, -99.45200681381489, 149.59090523198188, 149.78853505188755, 149.97978120918543, -99.77840824225038, -99.5139710404378, -99.97945916332992, 149.2868234437001, 149.87662488698777, -99.60186801877825, 149.62920893883938, -99.52792412887676, -99.71931513071874, -99.87734410605326, -99.71180952881781, 149.81536822500055, -99.9074149875271, -99.43437163472288, -99.48767373443069, 149.32405507010446, -99.47742004874044, -99.45770580222616, 149.99707784060442, -99.99100979437605, -99.64789088186988, -99.98162448346626, 149.35204157511205, -99.87291405587263, 149.94881333026473, 149.93323567465305, -99.75212470897768, 149.6411189690174, -99.67936435096237, 149.27838899009393, -99.92700904961748, -99.70739555965167, 149.77837296642574, -99.51132021216146, -99.6973340767083, 149.7493183050396, -99.85542929966776, 149.65380942852335, -99.99570345008571, -99.44692590573331, -99.98001238100355, -99.58822146986807, 149.73488821062375, -99.65728611838222, -99.7698499109735, 149.77397084642791, -99.89703957856011, 149.6628218753375, -99.8632354395699, -99.76099373468742, -99.65016923076314, -99.78557845112675, 149.96475338577085, -99.68429922188811, -99.81574443371937, 149.70347437208773, -99.85548115901544, -99.98984826808845, 149.76853138558437, 149.9642963464129, 149.62551084411524, -99.59981380383257, -99.8625303370992, 149.59741319544543, -99.74605839634157, -99.70691151342217, -99.69084434865326, 149.97024155131425, -99.86977064073308, 149.66788000839318, -99.91561768986234, -99.69250007760044, -99.77712953230287, -99.90493820353194, -99.84541505951304, 149.67990776082985, 149.58051832008843, -99.9333398910945, 149.77533584756108, 149.98193275658713, 149.36022777324877, -99.64721093964633, 149.9081185919979, 149.42749588776041, 149.59862492681418, -99.4487072050899, -99.65557275938787, 149.54480588789346, -99.5691079915877, 149.9473768878783, -99.9673462353762, -99.55630781185869, -99.55245698596872, 0.0, -43.459983825683594, -99.5351593542951, 149.55186645348957, -99.93491490719816, -99.84119106175683, -99.78135060623788, -99.82877636471895, -99.71510098162133, -99.88449469455372, 149.53099418157885, 149.6536875513607, 149.72860622773192, -99.85884509179797, 149.83662055514498, -99.69744125782405, -99.747756059034, -99.54498677768851, -99.85010786885329, 149.55920112728705, -99.49640410947907, -99.67041684374763, -99.98809274452117, -99.74401095234953, -99.5961374838788, -99.92953092200794, 149.70572125143616, -99.62241647753514, -99.97682095364891, -99.92101167759867, -99.82401476864707, 149.6820948557379, -99.80868709971503, 149.9542048943071, 149.86129144735685, 149.437613885082, -99.68838572312457, 149.94469328203206, 149.48598907742777, -99.43370661937453, -99.56351456849552, -99.91123103533809, -99.189717158386, -99.33162603240667, -99.7916024453043, 149.56789710896976, 149.89249650200466, -99.51671443072496, 149.35685803129562, -99.91235262838866, -99.56013955597065, -99.72798502884224, -99.91925877008111, -99.89719115558626, -99.69808680668169, 149.5555182672083, 15.999984741210938, -99.66658671543127, -99.97892571991767, -99.67121012249822, -99.50211340820627, 149.10532064994686, -99.99736279533725, -99.69835118163644, 149.95322872286982, -99.98829941248701, -99.44905206205962, -99.3375321504397, 148.93037117735165, 149.87986155662253, -99.82412371944322, -99.88711890067174, 149.60527773482187, 149.3186519646639, 149.83441372444747, -99.55781819613406, -99.75693624083144, -99.90669649703483, -99.96447612053953, -99.59233913287858, -99.55228732741891, 149.51124454144423, -99.91145817004909, 149.85481741560218, -99.63685199640722, -99.79924346627371, -99.98954072830558, -99.71134187137363, -99.91540148100775, -99.83644923994683, 149.6314168082634, -99.67684401742535, -99.78945713025757, -99.93623570477759, -99.60767842015161, 149.4109435610943, 149.31063796418465, -99.35322660499835, -99.77329301774577, 149.39755715529327, 87.83991622924805, 26.620147705078125, 149.6739692499397, 149.96057909296874, -99.67613275954244, -99.68633966409946, -99.86738311021514, 149.96815140414873, -3.888181686401367, 149.7602136155121, -99.81936227725723, -99.93244427861558, -99.95985779168718, 149.76676012724488, 149.65454392308737, -99.89808461367132, -22.989728927612305, -99.81454705215612, 149.47983832023004, -99.65459589546747, 149.76516718350234, 149.61728009618275, -99.54148111653926, -99.90720816567615, -99.96853730764268, -99.94958864052423, -99.77487665142723, 149.73001727904244, -99.95160376860233, 149.51668838801936, 149.60672329491229, 148.89561160296964, 149.37056782706634, -99.01351217405262, -99.54686610198426, 149.104229295359, -99.37185319017185, -99.40570395640978, -99.67945760545787, -99.45794001566148, -99.75143899605584, -99.85637092385295, -99.97074602343531, 149.9929184362046, -99.90694702231212, -99.8408571306436, -99.66373360492025, -99.63764719872455, -99.90691047455239, 149.40604700760943, 149.8028298811193, -99.81137193664321, 149.51982764825553, -99.64793112287701, -99.560159484118, -99.78061703498568, -99.93100360438294, -99.70581969717827, -99.94542650466065, -99.9239090301345, -99.51972688946974, -99.79470608109236, -99.66349200499019, 149.50391021388901, -99.88711251443165, 149.53969143281566, 149.971192100847, -99.5705054240488, -99.54645915229328, -99.20792848406178, -99.93706860899472, -99.75136405391181, -99.87645880388965, 149.72575434830344, 149.65209322265156, 149.44099066728785, 149.88408039922132, -99.73946641150135, 149.37061110730886, -99.641322056768]","[  -99.78403498   -87.41910578  -186.96925818  -286.41244798
  -385.8134966   -485.51141029  -585.13180948  -684.5795192
  -784.10355296  -883.65777924  -983.57193102  -834.24749474
  -933.74744852 -1033.57616679 -1050.91598002 -1150.84842415
 -1250.59111938 -1350.26856355 -1449.97934559 -1300.49455982
 -1400.26616025 -1250.47944862 -1349.94569183 -1449.92025413
 -1549.46094997 -1649.16935294 -1499.32804935 -1599.26004382
 -1449.92113659 -1300.7297081  -1400.4154777  -1500.41350897
 -1351.45039589 -1336.07539589 -1286.29392845 -1386.28669739
 -1485.95222391 -1585.46385551 -1435.5223772  -1535.0413145
 -1385.66899584 -1485.12100266 -1335.53009743 -1185.74156237
 -1035.76178116 -1135.54018941 -1235.05416045 -1335.03361961
 -1185.74679617 -1035.87017128 -1135.4720393   -985.84283036
 -1085.37075449 -1185.09006962 -1284.96741373 -1384.67922325
 -1234.86385503 -1334.77127002 -1434.20564165 -1533.69331539
 -1384.36926032 -1483.84668036 -1583.30438617 -1433.30730833
 -1533.29831812 -1632.946209   -1732.92783349 -1583.57579191
 -1683.44870597 -1533.49989264 -1383.56665696 -1483.31878167
 -1333.6776627  -1433.35702705 -1284.07863806 -1384.00564711
 -1483.71304267 -1333.93466971 -1433.44598992 -1533.14332399
 -1383.39400569 -1483.24943499 -1333.59562556 -1433.59132901
 -1533.03825492 -1633.0182673  -1732.60648877 -1582.87160056
 -1682.52888667 -1782.29873659 -1632.52476574 -1732.42180532
 -1582.75898344 -1682.62221888 -1782.38321262 -1882.03338185
 -1981.8189603  -1831.85420691 -1931.53850613 -2031.35425057
 -1881.6507762  -1981.50625736 -2081.49610562 -1931.72757424
 -1781.76327789 -1632.13776705 -1731.73758085 -1831.60011119
 -1682.00269799 -1781.74875639 -1881.4556679  -1981.14651225
 -1831.1762707  -1931.04604134 -1781.37816133 -1881.29377902
 -1980.9862791  -2080.76340863 -2180.66834684 -2280.5137619
 -2130.83385413 -1981.25333581 -2081.18667571 -1931.41133986
 -1781.4294071  -1632.06917933 -1731.71639027 -1581.80827168
 -1432.38077579 -1282.78215086 -1382.23085807 -1481.88643083
 -1332.34162494 -1431.91073293 -1281.96335604 -1381.93070228
 -1481.48701009 -1581.03946707 -1581.03946707 -1624.4994509
 -1724.03461025 -1574.4827438  -1674.41765871 -1774.25884977
 -1874.04020038 -1973.86897674 -2073.58407772 -2173.46857242
 -2023.93757824 -1874.28389068 -1724.55528446 -1824.41412955
 -1674.57750899 -1774.27495025 -1874.02270631 -1973.56769309
 -2073.41780096 -1923.85859983 -2023.35500394 -2123.02542078
 -2223.01351353 -2322.75752448 -2422.35366196 -2522.28319289
 -2372.57747163 -2472.19988811 -2572.17670906 -2672.09772074
 -2771.92173551 -2622.23964066 -2722.04832776 -2572.09412286
 -2422.23283141 -2272.79521753 -2372.48360325 -2222.53890997
 -2073.05292089 -2172.48662751 -2272.05014208 -2371.96137312
 -2471.15109027 -2570.48271631 -2670.27431875 -2520.70642164
 -2370.81392514 -2470.33063957 -2320.97378154 -2420.88613417
 -2520.44627372 -2620.17425875 -2720.09351752 -2819.99070868
 -2919.68879549 -2770.13327722 -2754.13329248 -2853.79987919
 -2953.77880491 -3053.45001503 -3152.95212844 -3003.84680779
 -3103.84417059 -3203.54252177 -3053.58929305 -3153.57759246
 -3253.02664452 -3352.36417667 -3203.43380549 -3053.55394394
 -3153.37806766 -3253.26518656 -3103.65990882 -2954.34125686
 -2804.50684313 -2904.06466133 -3003.82159757 -3103.72829407
 -3203.69277019 -3303.28510932 -3402.83739665 -3253.32615211
 -3353.23761028 -3203.38279286 -3303.01964486 -3402.81888832
 -3502.80842905 -3602.51977092 -3702.43517241 -3802.27162165
 -3652.64020484 -3752.31704885 -3852.10650598 -3952.04274169
 -4051.65042011 -3902.23947655 -3752.92883858 -3852.28206519
 -3952.05535821 -3802.65780105 -3714.81788482 -3688.19773712
 -3538.52376787 -3388.56318877 -3488.23932153 -3587.9256612
 -3687.79304431 -3537.8248929  -3541.71307459 -3391.95286098
 -3491.77222325 -3591.70466753 -3691.66452532 -3541.8977652
 -3392.24322127 -3492.14130589 -3515.13103481 -3614.94558187
 -3465.46574355 -3565.12033944 -3415.35517226 -3265.73789216
 -3365.27937328 -3465.18658144 -3565.15511875 -3665.10470739
 -3764.87958404 -3615.14956676 -3715.10117053 -3565.58448215
 -3415.97775885 -3267.08214725 -3117.71157942 -3216.72509159
 -3316.2719577  -3167.1677284  -3266.53958159 -3365.94528555
 -3465.62474315 -3565.08268317 -3664.83412216 -3764.69049309
 -3864.66123911 -3714.66832068 -3814.5752677  -3914.41612483
 -4014.07985843 -4113.71750563 -4213.62441611 -4064.2183691
 -3914.41553922 -4014.22691115 -3864.70708351 -3964.35501463
 -4063.91517411 -4163.69579115 -4263.62679475 -4363.33261445
 -4463.27804095 -4563.20194998 -4662.72167687 -4762.51638296
 -4862.17987496 -4712.67596475 -4812.56307726 -4663.02338583
 -4513.05219373 -4612.62269915 -4712.1691583  -4811.37708679
 -4911.3141554  -5011.06551945 -5110.94197825 -4961.21622391
 -4811.56413068 -4662.12314002 -4512.23905962 -4611.97852603
 -4462.60791492 -4562.24923698]",-4562.249236977855,-45.62249236977854,0.34591194968553457,0.775613102870114,-50.67825348494694,-1.9562958707516622,-0.9519809637781702
IMUX,6,Rule 6,"[('EMA_50', 1.381, '>'), ('VWAP_20', 15.089, '<='), ('SMA_10', 4.092, '>'), ('SMA_10', 9.943, '<=')]",2.1847770315851247,114,"[149.13754205017034, 149.56610416610147, -8.820201873779297, -26.448074340820312, 149.59892195172057, 149.6243245352206, -99.95213703750206, 149.45013898090824, 149.35021846039731, -86.86702728271484, -99.9645549226397, -99.7410701193038, -99.93796089374167, 149.69595096220175, 149.51459548312906, 148.92653088819128, -99.78277429197746, -99.62117789190681, -99.8362429852434, 9.245904922485352, 149.79205786982786, 149.6773203215697, -99.9230994652088, 149.65788615380995, 149.81155892004824, 149.93163668897478, -99.76565323639726, 149.45741179214508, 149.60390338236837, 149.54709667093388, -99.48323873482096, -99.60128911093734, 149.89101940837037, 45.12303352355957, -99.98420240586064, -99.54235207854553, -99.98893801742187, -99.75112536590382, 149.93588941333954, 149.49449783511164, 149.79746028493344, -99.73158239434069, -99.76078352654494, -99.98355795897662, 149.75045791711278, 149.62526329618348, -99.8550331853395, 149.45207644702043, 149.34531947644646, -99.92852457034543, -99.6150960260128, 149.57044490028326, -99.53457546111252, -63.27098083496094, -99.6153343025908, -99.76060704852634, 149.52064684562094, -99.99490874591922, -99.94345286050309, 149.8752215212143, -99.97700779084617, -99.75035840535412, -99.68873382318307, 149.55069107186688, 149.59094074896723, -99.88016413437367, 149.82768659398985, -99.9053199403468, -99.7379693984377, 7.191951751708984, -99.74690001959272, -99.96906659255521, 149.9135747992834, -99.85391433137198, -99.80041442629093, -99.9648087426186, 149.87028962734263, -99.78964862126607, -99.98954904391135, 149.84533781287323, -99.80338807048255, -99.74920798536535, -99.8624276559802, 149.74965238976102, 149.976269667505, 149.75722079646962, -99.97618259463414, 149.57522449591733, -99.92831733889665, -99.8038303698182, 149.75333305031575, -99.92399039792001, 149.88549222934796, -99.8686182214991, -99.92541288992331, -99.96064056935141, 149.9735636156619, 149.5107020488408, 149.66053998107762, -99.7145780184417, 149.5042332335349, 149.60783713365385, -99.86112834438342, -99.479008762994, -99.76386341175335, 23.099899291992188, 149.67076015232402, 149.60455245476834, -99.82792684929697, 149.1575794727198, 149.29584439530944, -99.89270261629655, 149.071702768709, 149.69014231428332]","[ 149.13754205  298.70364622  289.88344434  263.43537     413.03429195
  562.65861649  462.70647945  612.15661843  761.50683689  674.63980961
  574.67525469  474.93418457  374.99622367  524.69217464  674.20677012
  823.13330101  723.35052672  623.72934882  523.89310584  533.13901076
  682.93106863  832.60838895  732.68528949  882.34317564 1032.15473456
 1182.08637125 1082.32071801 1231.77812981 1381.38203319 1530.92912986
 1431.44589112 1331.84460201 1481.73562142 1526.85865495 1426.87445254
 1327.33210046 1227.34316244 1127.59203708 1277.52792649 1427.02242433
 1576.81988461 1477.08830222 1377.32751869 1277.34396073 1427.09441865
 1576.71968194 1476.86464876 1626.31672521 1775.66204468 1675.73352011
 1576.11842409 1725.68886899 1626.15429353 1562.88331269 1463.26797839
 1363.50737134 1513.02801818 1413.03310944 1313.08965658 1462.9648781
 1362.98787031 1263.2375119  1163.54877808 1313.09946915 1462.6904099
 1362.81024577 1512.63793236 1412.73261242 1312.99464302 1320.18659477
 1220.43969475 1120.47062816 1270.38420296 1170.53028863 1070.7298742
  970.76506546 1120.63535509 1020.84570647  920.85615742 1070.70149524
  970.89810716  871.14889918  771.28647152  921.03612391 1071.01239358
 1220.76961438 1120.79343178 1270.36865628 1170.44033894 1070.63650857
 1220.38984162 1120.46585122 1270.35134345 1170.48272523 1070.55731234
  970.59667177 1120.57023539 1270.08093744 1419.74147742 1320.0268994
 1469.53113263 1619.13896977 1519.27784142 1419.79883266 1320.03496925
 1343.13486854 1492.80562869 1642.41018115 1542.5822543  1691.73983377
 1841.03567816 1741.14297555 1890.21467832 2039.90482063]",2039.9048206305404,20.3990482063054,0.4824561403508772,1.3594292194228423,-8.529249305454995,2.337845004519282,0.5937633091552916
IMUX,7,Rule 7,"[('EMA_50', 1.381, '>'), ('VWAP_20', 15.089, '<='), ('SMA_10', 4.092, '>'), ('SMA_10', 9.943, '>')]",2.1847770315851247,198,"[-99.61820903991654, -99.97213751843091, 149.76209515267377, -99.97213076767812, 149.51657689164276, -99.68429045255263, 149.0548912059841, 149.35301214701576, -99.98168370824895, 148.27312831770968, -99.64548670757037, -99.71880684430755, -99.75169667963037, 149.33513746570662, 149.2116881332034, -99.65021435991049, 149.4849578647377, -99.75388067324121, -99.69659653355268, -99.96434989977071, 148.95901044858363, -99.9418716424614, 149.27773700054257, 149.82179343664492, 23.99993896484375, 118.25210952758789, 149.24297074758405, 149.39128629125779, 149.68294163609255, -99.44994318757678, 149.59897683284228, -99.25010923067859, -99.30315056377516, -99.96593666009733, 148.9205564717823, 149.36745350785935, -99.09702790541152, 148.67152000581768, -99.39144099535551, -58.80006408691406, 54.39994812011719, 149.7663027470044, -99.82685172937416, -28.34992790222168, -99.61698144465275, 149.27551362753925, -99.78676759157167, -99.27793470943726, -99.2091441612807, 149.53403908944216, 149.07798871986773, -99.23032539891568, 149.05026862786434, -99.50219022374122, -99.53918751722529, 47.838050842285156, -99.83993835577226, -99.68482413708193, 149.7510239802534, 149.0937124737543, -99.59109126509789, -99.27118299799267, -99.93977115816534, -32.0, 149.09130114228537, 149.51545364135117, -99.96921719268697, -99.54030643370014, -99.42563351765142, -52.14991474151611, 149.38890402553082, -99.62089708975178, -55.6798095703125, 0.0, 149.71738997859035, -99.66756979580119, -99.75385279513164, -99.65739716110714, -99.74170639861018, -99.6571661353378, -99.90458219138883, -99.93527182295925, 149.45021261412148, 149.6654354958917, 149.2593499495819, -99.4382434658792, -99.51632542543494, 149.0141307219063, -99.54559456522479, 148.57672955753446, 148.9786420133622, -99.69072883738097, -99.3246489617874, 149.8571966981579, -99.46843325002804, -99.71960322480567, -99.43128543975482, -99.6603454066321, 149.41568538782485, 148.96478346752787, 149.06765275445514, -99.6855230483745, -48.49990749359131, 149.7151941711616, 149.5812611067639, -99.59718865355708, -99.89415794529607, 149.34279100691134, 149.73232476947322, -99.55851892352314, -99.69137828482282, -11.555978775024414, -99.58313721120612, -99.52200205862783, 22.19994354248047, 149.6103101595044, -99.70445791044008, 149.39067122265067, 149.93038004880424, -99.93959513853159, -99.84477247832189, 149.43894885771988, -99.35271238375387, -99.74990647994473, -99.208252520157, -99.58173363797972, -99.79839772217352, -99.61581852326933, 149.90322902027629, -99.88145336151209, -99.75885214444455, -99.97414632583423, -99.5985838508491, 149.73665081451628, 149.5881068078591, -99.72187810355402, 149.59363692470907, 149.81395906276924, -99.35001387441866, -99.73808641148983, -16.3930606842041, -99.51980731381776, 89.99991416931152, 149.4320838419701, -99.76953741965372, -99.95949560830485, -99.9617646947404, -99.7831239351445, -99.65019598286071, -99.3374485978404, -99.98900952539817, -99.42910052937513, 149.4824218318589, 149.99403402400804, -99.31541001457381, 149.8178465588954, -99.7428726120273, 148.8467966193307, -99.9489055520501, -26.038040161132812, 149.44505716406343, -99.89455511459778, -99.57794079824546, 149.59898589635347, -99.54394038071094, 149.57142813495702, 149.98921736173958, -99.85046469658666, -99.12947594145425, 148.86520904812232, -99.41307253321861, -99.31905167077795, 149.84230622471847, 149.06120934823343, -99.47998312167746, 149.35078714883116, -99.44003304049522, -99.8753529727185, -99.25560959420986, -99.9530478057593, 89.05199718475342, -99.48904142374138, 149.7578339898676, 149.61314153782686, 149.40580528576095, -99.69839752610869, 148.98962417585392, -99.24103209318059, 148.91203402115605, -99.76086936945325, -99.91668570812745, -99.99695028614043, -99.56816454109827, 149.58132298866613, 149.7906705900855, 149.02582740159792, -99.31069248836316, 21.090059280395508]","[-9.96182090e+01 -1.99590347e+02 -4.98282514e+01 -1.49800382e+02
 -2.83805282e-01 -9.99680957e+01  4.90867955e+01  1.98439808e+02
  9.84581239e+01  2.46731252e+02  1.47085766e+02  4.73669587e+01
 -5.23847380e+01  9.69503995e+01  2.46162088e+02  1.46511873e+02
  2.95996831e+02  1.96242950e+02  9.65463539e+01 -3.41799601e+00
  1.45541014e+02  4.55991428e+01  1.94876880e+02  3.44698673e+02
  3.68698612e+02  4.86950722e+02  6.36193692e+02  7.85584979e+02
  9.35267920e+02  8.35817977e+02  9.85416954e+02  8.86166845e+02
  7.86863694e+02  6.86897758e+02  8.35818314e+02  9.85185768e+02
  8.86088740e+02  1.03476026e+03  9.35368819e+02  8.76568755e+02
  9.30968703e+02  1.08073501e+03  9.80908154e+02  9.52558226e+02
  8.52941244e+02  1.00221676e+03  9.02429990e+02  8.03152056e+02
  7.03942912e+02  8.53476951e+02  1.00255494e+03  9.03324614e+02
  1.05237488e+03  9.52872692e+02  8.53333505e+02  9.01171556e+02
  8.01331617e+02  7.01646793e+02  8.51397817e+02  1.00049153e+03
  9.00900438e+02  8.01629255e+02  7.01689484e+02  6.69689484e+02
  8.18780785e+02  9.68296239e+02  8.68327022e+02  7.68786715e+02
  6.69361082e+02  6.17211167e+02  7.66600071e+02  6.66979174e+02
  6.11299364e+02  6.11299364e+02  7.61016754e+02  6.61349185e+02
  5.61595332e+02  4.61937935e+02  3.62196228e+02  2.62539062e+02
  1.62634480e+02  6.26992082e+01  2.12149421e+02  3.61814856e+02
  5.11074206e+02  4.11635963e+02  3.12119637e+02  4.61133768e+02
  3.61588173e+02  5.10164903e+02  6.59143545e+02  5.59452816e+02
  4.60128167e+02  6.09985364e+02  5.10516931e+02  4.10797327e+02
  3.11366042e+02  2.11705697e+02  3.61121382e+02  5.10086165e+02
  6.59153818e+02  5.59468295e+02  5.10968388e+02  6.60683582e+02
  8.10264843e+02  7.10667654e+02  6.10773496e+02  7.60116287e+02
  9.09848612e+02  8.10290093e+02  7.10598715e+02  6.99042736e+02
  5.99459599e+02  4.99937597e+02  5.22137540e+02  6.71747851e+02
  5.72043393e+02  7.21434064e+02  8.71364444e+02  7.71424849e+02
  6.71580076e+02  8.21019025e+02  7.21666313e+02  6.21916406e+02
  5.22708154e+02  4.23126420e+02  3.23328022e+02  2.23712204e+02
  3.73615433e+02  2.73733980e+02  1.73975127e+02  7.40009811e+01
 -2.55976027e+01  1.24139048e+02  2.73727155e+02  1.74005277e+02
  3.23598914e+02  4.73412873e+02  3.74062859e+02  2.74324773e+02
  2.57931712e+02  1.58411905e+02  2.48411819e+02  3.97843903e+02
  2.98074365e+02  1.98114869e+02  9.81531048e+01 -1.63001914e+00
 -1.01280215e+02 -2.00617664e+02 -3.00606673e+02 -4.00035774e+02
 -2.50553352e+02 -1.00559318e+02 -1.99874728e+02 -5.00568814e+01
 -1.49799754e+02 -9.52957364e-01 -1.00901863e+02 -1.26939903e+02
  2.25051541e+01 -7.73894010e+01 -1.76967342e+02 -2.73683559e+01
 -1.26912296e+02  2.26591318e+01  1.72648349e+02  7.27978845e+01
 -2.63315915e+01  1.22533618e+02  2.31205451e+01 -7.61985066e+01
  7.36437996e+01  2.22705009e+02  1.23225026e+02  2.72575813e+02
  1.73135780e+02  7.32604270e+01 -2.59951826e+01 -1.25948230e+02
 -3.68962332e+01 -1.36385275e+02  1.33725593e+01  1.62985701e+02
  3.12391506e+02  2.12693109e+02  3.61682733e+02  2.62441701e+02
  4.11353735e+02  3.11592865e+02  2.11676180e+02  1.11679229e+02
  1.21110648e+01  1.61692388e+02  3.11483058e+02  4.60508886e+02
  3.61198193e+02  3.82288253e+02]",382.2882525993384,3.822882525993384,0.4090909090909091,1.034782782741926,-13.36347073097385,0.25978043622988445,-0.4046191230317877
KPTI,4,Rule 4,"[('EMA_50', 1.381, '>'), ('VWAP_20', 15.089, '<='), ('SMA_10', 4.092, '<='), ('ATR_50', 0.14, '<=')]",2.42578040570984,4,"[149.75271220819894, -99.96704550256146, -13.824383735656738, 149.78365829013626]",[149.75271221  49.78566671  35.96128297 185.74494126],185.744941260117,1.8574494126011702,0.5,2.632328045298269,-1.1211251393479773,5.926034523199646,0.16471306984282247
KPTI,5,Rule 5,"[('EMA_50', 1.381, '>'), ('VWAP_20', 15.089, '<='), ('SMA_10', 4.092, '<='), ('ATR_50', 0.14, '>')]",2.42578040570984,4,"[32.08504343032837, 121.73503351211548, 149.44981280538883, 149.73271037434574]",[ 32.08504343 153.82007694 303.26988975 453.00260012],453.0026001221784,4.530026001221784,1.0,inf,0.0,32.287396740358126,0.9988307605602119
KPTI,6,Rule 6,"[('EMA_50', 1.381, '>'), ('VWAP_20', 15.089, '<='), ('SMA_10', 4.092, '>'), ('SMA_10', 9.943, '<=')]",2.42578040570984,149,"[-99.73310284566062, 149.6900007174303, 148.969209446409, 44.1376428604126, -99.39022021407196, -52.045358657836914, -99.70963840053241, -99.49576559157634, -99.94700161101503, 149.2801919769742, 148.9675255771302, -99.23260854587079, -99.76967022863542, -99.62482228378319, -99.94455421415776, 149.3003967079666, -99.89974097855767, -99.36595931005303, -99.77042717457788, -99.69159537251207, 149.9374672823893, -99.79818400289626, -99.92849497673862, -99.78414547801367, -99.7127821090011, -99.54438604318115, -99.69721639015754, 149.4924381213606, 149.593916100043, 149.84043862247302, 149.5677484417916, -99.8537927635904, 149.4279032456732, 149.6016154339964, -99.57081636537615, -99.48259690677463, -99.7457436115621, -99.90431076207777, -29.249954223632812, -99.91213985488778, 43.819958209991455, -99.68405057397749, 30.240005493164062, 3.9600906372070312, 149.72102590044992, -99.97156702846426, 149.977991604906, -99.69140743153304, 149.52896958294755, -99.95398485374852, 41.51996040344238, -99.74301314653417, -99.6980270070839, -99.90489978955691, 149.6973151818489, 149.6165981055113, -99.85243810333472, 149.66783416161206, 149.5384443969966, -51.05996894836426, -99.56265222219668, 149.92316266972466, -53.100013732910156, -99.92000654052053, -99.91941683058712, 149.64789402625593, 149.7458730442959, -99.66444821880795, -99.55638079088446, 32.04005432128906, -99.81291814536883, -99.9511820948308, 149.77981110428598, -99.73560705973141, 45.5, 44.71995735168457, -99.86203077377456, -99.84744563768388, -99.80366575359251, 149.92050345755436, 149.4425769041858, 149.53487219975216, -99.77259923003496, -99.93159822376302, 149.3655043074154, -99.84460445311788, 149.55535211020612, 149.91646654361978, 149.4747595759982, -99.92748630925558, -99.89199972571541, 149.33352078502696, 149.8593265867749, -21.560026168823242, 149.91145626475458, 149.73282308341163, -99.70550404600166, 149.22767812348138, -99.6914642256127, -99.99501641332941, -99.55035279912462, 105.78998374938965, -99.97250185207672, -99.76368054685356, 149.95696310528297, 149.836651452118, 149.84472267740693, -99.86006465758342, 149.67293959080325, 31.63996982574463, -99.97583195154346, -99.8162635364391, -99.86836667966935, 149.4583119642366, -99.46594152815756, 149.08300819510296, -99.3313311152412, -99.58356907691999, -99.77436037859009, -99.549438564812, 36.211525440216064, 149.69011922157426, 149.75155874473012, 149.52008152924125, 149.7813075531016, 149.81247313663854, -99.82627847259693, 149.51975506160232, -99.84280388415073, -99.54912727310636, 57.95005798339844, 149.51863845066686, -99.55321732594166, 149.55879348442784, -99.69665307616923, -99.99538517000197, -99.85873889174977, 149.99630023489368, 149.94452527122135, -99.48887502382583, -99.84035796787262, 56.33393955230713, 149.31688984752822, -99.64083048749961, -99.77847217742718, 149.5209709869921, -99.88573965321895, 149.68610364879603, -99.63425167413538]","[-9.97331028e+01  4.99568979e+01  1.98926107e+02  2.43063750e+02
  1.43673530e+02  9.16281713e+01 -8.08146709e+00 -1.07577233e+02
 -2.07524234e+02 -5.82440423e+01  9.07234833e+01 -8.50912529e+00
 -1.08278796e+02 -2.07903618e+02 -3.07848172e+02 -1.58547775e+02
 -2.58447516e+02 -3.57813476e+02 -4.57583903e+02 -5.57275498e+02
 -4.07338031e+02 -5.07136215e+02 -6.07064710e+02 -7.06848855e+02
 -8.06561637e+02 -9.06106023e+02 -1.00580324e+03 -8.56310802e+02
 -7.06716886e+02 -5.56876447e+02 -4.07308699e+02 -5.07162491e+02
 -3.57734588e+02 -2.08132973e+02 -3.07703789e+02 -4.07186386e+02
 -5.06932130e+02 -6.06836440e+02 -6.36086395e+02 -7.35998534e+02
 -6.92178576e+02 -7.91862627e+02 -7.61622621e+02 -7.57662531e+02
 -6.07941505e+02 -7.07913072e+02 -5.57935080e+02 -6.57626488e+02
 -5.08097518e+02 -6.08051503e+02 -5.66531542e+02 -6.66274556e+02
 -7.65972583e+02 -8.65877482e+02 -7.16180167e+02 -5.66563569e+02
 -6.66416007e+02 -5.16748173e+02 -3.67209729e+02 -4.18269698e+02
 -5.17832350e+02 -3.67909187e+02 -4.21009201e+02 -5.20929207e+02
 -6.20848624e+02 -4.71200730e+02 -3.21454857e+02 -4.21119305e+02
 -5.20675686e+02 -4.88635632e+02 -5.88448550e+02 -6.88399732e+02
 -5.38619921e+02 -6.38355528e+02 -5.92855528e+02 -5.48135571e+02
 -6.47997601e+02 -7.47845047e+02 -8.47648713e+02 -6.97728209e+02
 -5.48285633e+02 -3.98750760e+02 -4.98523360e+02 -5.98454958e+02
 -4.49089453e+02 -5.48934058e+02 -3.99378706e+02 -2.49462239e+02
 -9.99874797e+01 -1.99914966e+02 -2.99806966e+02 -1.50473445e+02
 -6.14118342e-01 -2.21741445e+01  1.27737312e+02  2.77470135e+02
  1.77764631e+02  3.26992309e+02  2.27300845e+02  1.27305828e+02
  2.77554755e+01  1.33545459e+02  3.35729574e+01 -6.61907232e+01
  8.37662399e+01  2.33602891e+02  3.83447614e+02  2.83587549e+02
  4.33260489e+02  4.64900459e+02  3.64924627e+02  2.65108363e+02
  1.65239997e+02  3.14698309e+02  2.15232367e+02  3.64315375e+02
  2.64984044e+02  1.65400475e+02  6.56261147e+01 -3.39233239e+01
  2.28820159e+00  1.51978321e+02  3.01729880e+02  4.51249961e+02
  6.01031269e+02  7.50843742e+02  6.51017463e+02  8.00537218e+02
  7.00694414e+02  6.01145287e+02  6.59095345e+02  8.08613984e+02
  7.09060766e+02  8.58619560e+02  7.58922907e+02  6.58927522e+02
  5.59068783e+02  7.09065083e+02  8.59009608e+02  7.59520733e+02
  6.59680375e+02  7.16014315e+02  8.65331205e+02  7.65690374e+02
  6.65911902e+02  8.15432873e+02  7.15547133e+02  8.65233237e+02
  7.65598985e+02]",765.5989852186872,7.655989852186871,0.44966442953020136,1.09706456593134,-12.192318826649243,0.6995587752321106,0.7048081475627839
KPTI,7,Rule 7,"[('EMA_50', 1.381, '>'), ('VWAP_20', 15.089, '<='), ('SMA_10', 4.092, '>'), ('SMA_10', 9.943, '>')]",2.42578040570984,91,"[-98.78253693230408, -99.9236991504678, 59.759979248046875, -99.68166388085365, -98.93685493715918, 149.00757432152298, -99.14607877476016, 149.58789602012655, -99.79353887179246, -99.6528184569278, 148.9152292299256, 149.41143776286208, -99.54975559376057, 148.4303702361857, 35.78404712677002, 149.01592235722384, -98.98776533531277, -99.74091095589205, -99.78119519329296, 148.89805823972023, 96.36302089691162, -99.61646941306698, -99.75645851451051, 149.37839401877193, 149.77990868368659, 149.60629230500945, 148.43724888990323, 148.98917768962943, -99.10361230292267, -98.92990648802873, 148.85684919574848, -99.73810812757222, -99.35763424645847, 148.76509992147234, 148.7620783607597, -99.27733403403934, -99.96094348185859, 149.4156937793339, 149.9882489627183, -99.48694444152724, -99.8883688373994, 148.94679325111434, 149.01689030878825, 149.7533069844883, -99.78329076759822, -99.2380777810488, 18.449953079223633, -20.09994888305664, -99.80414564621567, -99.78837563062348, -99.68825703732534, 149.8006400727737, -99.61320085015926, 149.13732584476253, -99.62384838676934, -99.89969804177065, 149.7982521535456, 149.77455472545316, -99.62431282585074, 149.53537720438084, 149.63578377026755, -99.61688434529282, -66.77996635437012, 61.932098388671875, -99.99455729507822, -99.49211943479088, 149.7506624855703, -99.68171944882893, 149.2721226949449, -99.97062165572754, 149.5089106311378, -98.99448716334132, -3.203937530517578, -99.70321236439946, -99.72168961843892, 149.24959268015056, -99.70248493749781, -99.88488087121169, -99.49983787746505, -99.44926616172594, -99.61230445219516, -99.73267972398291, 149.06381468790568, -99.2017945304112, 69.6148910522461, -99.95836968058134, -47.78257369995117, -99.94985413126275, -99.48859646679344, -54.61003875732422, -99.43400602047902]","[ -98.78253693 -198.70623608 -138.94625683 -238.62792072 -337.56477565
 -188.55720133 -287.70328011 -138.11538409 -237.90892296 -337.56174141
 -188.64651218  -39.23507442 -138.78483002    9.64554022   45.42958735
  194.4455097    95.45774437   -4.28316659 -104.06436178   44.83369646
  141.19671736   41.58024794  -58.17621057   91.20218345  240.98209213
  390.58838444  539.02563333  688.01481102  588.91119871  489.98129223
  638.83814142  539.10003329  439.74239905  588.50749897  737.26957733
  637.9922433   538.03129981  687.44699359  837.43524256  737.94829811
  638.05992928  787.00672253  936.02361284 1085.77691982  985.99362905
  886.75555127  905.20550435  885.10555547  785.30140982  685.51303419
  585.82477715  735.62541723  636.01221638  785.14954222  685.52569383
  585.62599579  735.42424795  885.19880267  785.57448985  935.10986705
 1084.74565082  985.12876648  918.34880012  980.28089851  880.28634121
  780.79422178  930.54488427  830.86316482  980.13528751  880.16466586
 1029.67357649  930.67908932  927.47515179  827.77193943  728.05024981
  877.29984249  777.59735755  677.71247668  578.2126388   478.76337264
  379.15106819  279.41838847  428.48220315  329.28040862  398.89529968
  298.93693     251.1543563   151.20450216   51.7159057    -2.89413306
 -102.32813908]",-102.32813908023928,-1.023281390802393,0.4065934065934066,0.9798237863949406,-10.7173819885982,-0.15396277166829064,0.5452385342978113
KPTI,8,Rule 8,"[('EMA_50', 1.381, '>'), ('VWAP_20', 15.089, '>'), ('EMA_50', 18.098, '>'), ('SMA_10', 18.149, '<=')]",2.42578040570984,10,"[148.54358073239098, 149.481467569868, 149.5107910819614, -99.13752732140429, 148.89944114664442, 147.71163236610602, -99.71415606304988, 147.96875672384067, -98.7793089002426, -56.69995880126953]","[148.54358073 298.0250483  447.53583938 348.39831206 497.29775321
 645.00938558 545.29522951 693.26398624 594.48467734 537.78471853]",537.7847185348451,5.37784718534845,0.6,2.5177469450146064,-1.453992606014725,6.932841736549817,0.8227456323170736
KPTI,9,Rule 9,"[('EMA_50', 1.381, '>'), ('VWAP_20', 15.089, '>'), ('EMA_50', 18.098, '>'), ('SMA_10', 18.149, '>')]",2.42578040570984,35,"[-99.5023495406984, -99.09633687720451, -98.71700091348141, -99.14926349989007, -99.41203330482132, 149.884369999856, -99.25012589899326, -99.91179270541308, -99.23052007371729, 148.96027655892405, -99.8626160188374, 148.31108163987952, -98.45241443828793, -98.8960270497079, 149.865523433927, -98.8223019954737, -99.08764550914611, -99.6711906824043, -47.77503967285156, 59.84996795654297, -99.19576163423383, 147.38382637652202, 149.91930259242793, -99.98702998588129, -6.831020355224609, 67.49542236328125, 149.10047122948868, -99.63288884756219, -98.46153360110067, -99.50061124857953, 147.57597756674176, -98.91189043430455, -98.9747591440411, -99.63803843964455, -98.5615645163694]","[  -99.50234954  -198.59868642  -297.31568733  -396.46495083
  -495.87698414  -345.99261414  -445.24274004  -545.15453274
  -644.38505281  -495.42477626  -595.28739227  -446.97631063
  -545.42872507  -644.32475212  -494.45922869  -593.28153068
  -692.36917619  -792.04036688  -839.81540655  -779.96543859
  -879.16120023  -731.77737385  -581.85807126  -681.84510124
  -688.6761216   -621.18069923  -472.08022801  -571.71311685
  -670.17465045  -769.6752617   -622.09928414  -721.01117457
  -819.98593371  -919.62397215 -1018.18553667]",-1018.1855366702787,-10.181855366702788,0.2857142857142857,0.5642321000403054,-9.279161710492003,-4.3422202032731665,-0.7634473007498355
MCRB,6,Rule 6,"[('EMA_50', 1.381, '>'), ('VWAP_20', 15.089, '<='), ('SMA_10', 4.092, '>'), ('SMA_10', 9.943, '<=')]",2.043331654791337,69,"[149.1637900622796, -99.2289733383304, 48.50500679016113, -99.5243157843705, -99.73861851639727, -99.92034278893483, -99.56628419713472, 149.44204500471344, -99.83450809239011, -99.6166937543294, 149.4135650720542, 149.61880663090125, -99.83733265481293, -99.62650450403432, 149.45887218510433, 149.62721437507804, -99.71645906537785, -99.91860120148687, 149.89477297391198, 149.83151300032978, 149.70317450287956, -99.78783149098614, -99.91085514868665, 149.98284353879063, 149.58052502935317, 149.55389337398398, -99.94020070134317, -99.8317728766207, 65.64996147155762, 62.51003551483154, -99.82269513972115, 13.739877700805664, -99.94554431324839, 149.75530883047503, -99.94533876722886, -99.8670935476156, 149.3833147310746, -99.57295801214778, -31.96001434326172, -99.73986956441146, 40.58180522918701, -99.80661734098791, -99.72511596687404, -99.93837853627016, -99.93187741265089, -99.70056697517383, -99.99588847297991, -99.66216997321534, 149.72995637170055, 149.43324747723625, -99.6864728475256, -99.70202618042916, 149.64878641813297, -99.87899873097373, -24.990004539489746, -99.84483395429444, 4.484960079193115, -99.95168426982886, -99.85403576319906, -99.72443204113932, -99.95856604721598, 149.53048293341064, -99.6776749985173, 149.74915113122765, -99.58786226158895, -99.91899263141616, 149.29164699393442, 149.35909452921302, 149.97502010418893]","[ 149.16379006   49.93481672   98.43982351   -1.08449227 -100.82311079
 -200.74345358 -300.30973777 -150.86769277 -250.70220086 -350.31889461
 -200.90532954  -51.28652291 -151.12385557 -250.75036007 -101.29148789
   48.33572649  -51.38073258 -151.29933378   -1.4045608   148.4269522
  298.1301267   198.34229521   98.43144006  248.4142836   397.99480863
  547.548702    447.6085013   347.77672842  413.4266899   475.93672541
  376.11403027  389.85390797  289.90836366  439.66367249  339.71833372
  239.85124017  389.23455491  289.66159689  257.70158255  157.96171299
  198.54351821   98.73690087   -0.98821509 -100.92659363 -200.85847104
 -300.55903802 -400.55492649 -500.21709646 -350.48714009 -201.05389261
 -300.74036546 -400.44239164 -250.79360522 -350.67260396 -375.66260849
 -475.50744245 -471.02248237 -570.97416664 -670.8282024  -770.55263444
 -870.51120049 -720.98071756 -820.65839256 -670.90924143 -770.49710369
 -870.41609632 -721.12444932 -571.7653548  -421.79033469]",-421.790334690931,-4.21790334690931,0.4057971014492754,0.893174068216122,-13.444449914931011,-0.847205868588407,-0.5733097239671625
MCRB,7,Rule 7,"[('EMA_50', 1.381, '>'), ('VWAP_20', 15.089, '<='), ('SMA_10', 4.092, '>'), ('SMA_10', 9.943, '>')]",2.043331654791337,88,"[149.55160664528702, -99.69339274095502, -99.41629768761598, -99.40788795579299, -99.37946952325103, -99.75902182338237, -99.43098230213225, -99.55000209953272, 149.7092482825276, 149.32012090519436, 149.6401309781415, -99.82481268463535, 149.8310044843881, -98.8646052729652, 149.35028308821097, -99.98024242221892, 64.79998111724854, 149.8228454298493, 149.40303750301592, -99.63856772476629, 148.98540359363815, -99.85764638130382, 149.50411598577116, 149.8991091998651, -99.05781970050262, -99.97515669768777, -99.58904746394504, 149.67421548898326, 149.73528685929352, -99.21372436865013, 148.90146189642743, -99.66289912764812, 149.03022560405182, -99.3288067554972, -99.26965369778183, -99.735535092264, 149.91837194859053, 149.85374152206086, -99.34825279639733, 47.06595993041992, -99.51227548003189, 149.26471409321886, -99.62914838550392, -99.74364644328982, -99.57968327212618, -99.96309433437183, 149.34204441089682, 149.19112809209486, 149.15512029954226, -99.61644872819664, -99.19152430728673, -99.56594925923342, -99.57518055155901, 149.34389081746122, -31.39493751525879, -99.5308987522522, 149.3649467739803, 149.3309954354457, 149.3064674114665, 149.65933742970628, -99.7288182505528, -99.7730861753084, -99.0833673870736, 148.7016818052237, 149.85877634725531, -99.5190300090774, -99.58762543936899, 149.9704628402667, -99.63734949240433, 149.83737307876186, -99.34044278815202, 149.78776160056134, -99.86620164002034, -99.21372183537528, 149.0161543538234, -99.21973676510117, 148.730274916806, 149.5069401389725, 149.82446466012453, 58.39994430541992, 149.99008973750057, -99.58720078456642, 149.78145602626952, -99.57184364405236, 149.7298471973001, -99.64186589265546, -99.39372141545888, 149.3541936655383]","[ 149.55160665   49.8582139   -49.55808378 -148.96597174 -248.34544126
 -348.10446309 -447.53544539 -547.08544749 -397.3761992  -248.0560783
  -98.41594732 -198.24076001  -48.40975552 -147.27436079    2.07592229
  -97.90432013  -33.10433901  116.71850642  266.12154392  166.4829762
  315.46837979  215.61073341  365.11484939  515.01395859  415.95613889
  315.9809822   216.39193473  366.06615022  515.80143708  416.58771271
  565.48917461  465.82627548  614.85650108  515.52769433  416.25804063
  316.52250554  466.44087749  616.29461901  516.94636621  564.01232614
  464.50005066  613.76476476  514.13561637  414.39196993  314.81228666
  214.84919232  364.19123673  513.38236482  662.53748512  562.9210364
  463.72951209  364.16356283  264.58838228  413.9322731   382.53733558
  283.00643683  432.3713836   581.70237904  731.00884645  880.66818388
  780.93936563  681.16627945  582.08291207  730.78459387  880.64337022
  781.12434021  681.53671477  831.50717761  731.86982812  881.7072012
  782.36675841  932.15452001  832.28831837  733.07459653  882.09075089
  782.87101412  931.60128904 1081.10822918 1230.93269384 1289.33263814
 1439.32272788 1339.7355271  1489.51698312 1389.94513948 1539.67498668
 1440.03312078 1340.63939937 1489.99359303]",1489.993593033398,14.89993593033398,0.4772727272727273,1.3303425128920352,-6.863722469045324,2.1963104344983093,0.9064611257345054
MCRB,8,Rule 8,"[('EMA_50', 1.381, '>'), ('VWAP_20', 15.089, '>'), ('EMA_50', 18.098, '>'), ('SMA_10', 18.149, '<=')]",2.043331654791337,18,"[-98.9828571373418, 149.38328737170684, -98.06045573410731, 149.00146260716437, -99.92163939692168, -4.42799186706543, 29.86202049255371, 149.92249561330163, 147.73408292127772, -98.290779012857, -99.5265043778993, -99.4824663186011, -99.10027309898294, -99.73932869075597, 147.83673737376927, -99.19762209458526, -99.9047050784938, 29.550018310546875]","[ -98.98285714   50.40043023  -47.6600255   101.34143711    1.41979771
   -3.00819416   26.85382634  176.77632195  324.51040487  226.21962586
  126.69312148   27.21065516  -71.88961794 -171.62894663  -23.79220925
 -122.98983135 -222.89453643 -193.34451812]",-193.34451811729116,-1.9334451811729116,0.3888888888888889,0.8060026074825479,-5.301994185023732,-1.5384523510393053,-0.38797893460337385
MCRB,9,Rule 9,"[('EMA_50', 1.381, '>'), ('VWAP_20', 15.089, '>'), ('EMA_50', 18.098, '>'), ('SMA_10', 18.149, '>')]",2.043331654791337,150,"[149.48115674092543, -99.4515142215298, 108.50021362304688, -98.37812812056063, -99.35892731486024, -97.99286519546655, -99.54383704404543, -98.4045533724939, -99.85491508236692, -98.4311030277064, -98.98816812846243, -98.04731641721594, -97.59145463120227, -99.77425187144874, -99.82821623675567, -99.58025228461861, -97.9039046911526, -99.17892418819218, -99.37195193286388, -98.05634079945116, 149.09932168738962, -99.126068383935, -99.33040622622933, -99.11383851269503, -98.06357006419316, 146.9129266902797, -99.85115749535063, -98.69874701738786, 147.5244733341356, -98.3312654988397, -97.92220678310244, 147.75797326153096, -98.31696956662391, -98.6059844183682, -99.89229530576986, -98.79264421172806, -99.6067062210173, 146.13357662553872, -97.51825787749365, -97.15241916816316, 147.22239913903638, -99.72961821975952, -99.55356980785994, 149.6425045202171, 149.5857179308947, -98.47549660289187, -98.80160537901386, -98.41312667592179, 148.04804908773264, -98.93322615292519, 148.28452300179026, -99.28136046726358, -99.30195996663812, -98.44818244431994, 148.34712567825378, 149.1077792396462, -99.24703732193628, 147.69361210262517, 147.59063530065936, 148.0019749770218, -98.82276297831228, -11.660064697265625, 148.96916756266413, 148.26016474619553, -99.13819630060804, -98.23912694283551, -99.08090165328217, 148.06546484529196, -98.86306792592583, 0.0, -98.71372015241656, -99.21988794314606, 148.9576084636163, -99.37190391756317, 148.78022341798805, 149.93485538307837, -99.97624943551386, -99.00199404077, -99.7963865353487, -99.71707983462295, -99.64695146129262, -99.67376816264209, 148.38288191661945, -99.14273889102314, -98.0406550737094, -98.10319009224924, 148.50768658342105, -99.60814317242782, 6.536033630371094, 60.79193878173828, 149.23816393135158, -98.82288044431577, 149.6102465394759, -99.73880512131595, 149.65923301981127, -99.60020420100858, -98.67259294277811, -98.90161103937994, -99.861733333017, -99.08147542053649, 148.01976224907307, 147.74809372367204, 149.1918338819394, -98.04135441344651, -99.30642188199434, -98.27265767980714, -99.29432849580553, 146.673351346351, 63.00004005432129, -98.7723673346421, -99.0576168046784, -99.62907948042954, -99.35231975472652, 22.320022583007812, -99.09864151412134, -98.87831909760654, 149.45467930353126, 149.54210329873507, -99.1577983132888, 149.7737524350522, -99.54446942738092, -99.57070098122621, -98.74064114674047, 148.1147618661438, -98.45751869216892, -57.69598388671875, -99.92798673127399, -99.91798715516339, -99.69157034204115, 149.96621447997555, 149.41927780158383, -99.04501271029088, -99.64221509484247, -98.87656279767819, -99.29344192757421, 148.91726187286227, 148.95920851895002, -99.3632959277572, 149.52843407921694, -99.52754364414048, -99.3992763024822, 149.2237627318248, -99.91230365572773, -99.23418543430033, -99.29633141977855, -99.36526954368986, -99.9900358287349, 147.71716232150715, -99.6362091290121, -6.719970703125]","[  149.48115674    50.02964252   158.52985614    60.15172802
   -39.20719929  -137.20006449  -236.74390153  -335.1484549
  -435.00336999  -533.43447302  -632.42264114  -730.46995756
  -828.06141219  -927.83566406 -1027.6638803  -1127.24413258
 -1225.14803728 -1324.32696146 -1423.6989134  -1521.7552542
 -1372.65593251 -1471.78200089 -1571.11240712 -1670.22624563
 -1768.2898157  -1621.37688901 -1721.2280465  -1819.92679352
 -1672.40232018 -1770.73358568 -1868.65579247 -1720.8978192
 -1819.21478877 -1917.82077319 -2017.7130685  -2116.50571271
 -2216.11241893 -2069.9788423  -2167.49710018 -2264.64951935
 -2117.42712021 -2217.15673843 -2316.71030824 -2167.06780372
 -2017.48208579 -2115.95758239 -2214.75918777 -2313.17231444
 -2165.12426536 -2264.05749151 -2115.77296851 -2215.05432897
 -2314.35628894 -2412.80447139 -2264.45734571 -2115.34956647
 -2214.59660379 -2066.90299169 -1919.31235639 -1771.31038141
 -1870.13314439 -1881.79320908 -1732.82404152 -1584.56387678
 -1683.70207308 -1781.94120002 -1881.02210167 -1732.95663683
 -1831.81970475 -1831.81970475 -1930.53342491 -2029.75331285
 -1880.79570439 -1980.1676083  -1831.38738488 -1681.4525295
 -1781.42877894 -1880.43077298 -1980.22715951 -2079.94423935
 -2179.59119081 -2279.26495897 -2130.88207706 -2230.02481595
 -2328.06547102 -2426.16866111 -2277.66097453 -2377.2691177
 -2370.73308407 -2309.94114529 -2160.70298136 -2259.5258618
 -2109.91561526 -2209.65442038 -2059.99518736 -2159.59539157
 -2258.26798451 -2357.16959555 -2457.03132888 -2556.1128043
 -2408.09304205 -2260.34494833 -2111.15311445 -2209.19446886
 -2308.50089074 -2406.77354842 -2506.06787692 -2359.39452557
 -2296.39448552 -2395.16685285 -2494.22446966 -2593.85354914
 -2693.20586889 -2670.88584631 -2769.98448782 -2868.86280692
 -2719.40812762 -2569.86602432 -2669.02382263 -2519.2500702
 -2618.79453962 -2718.3652406  -2817.10588175 -2668.99111988
 -2767.44863858 -2825.14462246 -2925.0726092  -3024.99059635
 -3124.68216669 -2974.71595221 -2825.29667441 -2924.34168712
 -3023.98390222 -3122.86046501 -3222.15390694 -3073.23664507
 -2924.27743655 -3023.64073248 -2874.1122984  -2973.63984204
 -3073.03911834 -2923.81535561 -3023.72765927 -3122.9618447
 -3222.25817612 -3321.62344567 -3421.61348149 -3273.89631917
 -3373.5325283  -3380.25249901]",-3380.2524990054276,-33.80252499005428,0.31333333333333335,0.6579539942849932,-35.242730870869835,-3.2137912360244,-0.8736958184150113
NBTX,4,Rule 4,"[('EMA_50', 1.381, '>'), ('VWAP_20', 15.089, '<='), ('SMA_10', 4.092, '<='), ('ATR_50', 0.14, '<=')]",2.2203877028753243,34,"[-99.87199205482041, -99.77281099928487, -99.72725937846599, -99.79282221974069, -99.87107321762406, -99.75502359480771, 149.93156206098487, 149.78594288206702, -99.89186447139956, -99.90910391289852, -99.94615820601264, 149.786624243935, -23.09997797012329, -99.98382524783518, 149.9234957929017, 149.84326667566546, -99.99119982052001, 149.79021095834574, 149.7884180696431, -99.93245345658659, 149.93151349550976, 149.83237134952728, 149.97540121676624, -99.96182469572234, -99.90489100877875, -99.74911642579251, 149.5714566202351, -99.76049017003719, -99.8820093008578, 149.9803629948, -99.93819517265096, 149.6791639818287, 149.95086804445882, 99.57999634742737]","[ -99.87199205 -199.64480305 -299.37206243 -399.16488465 -499.03595787
 -598.79098146 -448.8594194  -299.07347652 -398.96534099 -498.87444491
 -598.82060311 -449.03397887 -472.13395684 -572.11778209 -422.19428629
 -272.35101962 -372.34221944 -222.55200848  -72.76359041 -172.69604387
  -22.76453037  127.06784098  277.0432422   177.0814175    77.17652649
  -22.57258994  126.99886669   27.23837652  -72.64363279   77.33673021
  -22.60146496  127.07769902  277.02856706  376.60856341]",376.6085634101372,3.766085634101372,0.4411764705882353,1.206843443233789,-5.0398197948224395,1.4283125214965575,0.7721002980117722
NBTX,5,Rule 5,"[('EMA_50', 1.381, '>'), ('VWAP_20', 15.089, '<='), ('SMA_10', 4.092, '<='), ('ATR_50', 0.14, '>')]",2.2203877028753243,4,"[-99.86968498827864, -99.93880260636723, -99.93591815381338, -99.80522269975611]",[ -99.86968499 -199.80848759 -299.74440575 -399.54962845],-399.54962844821534,-3.9954962844821535,0.0,0.0,-3.027030290758179,-25005.809944138426,-0.9999999471149198
NBTX,6,Rule 6,"[('EMA_50', 1.381, '>'), ('VWAP_20', 15.089, '<='), ('SMA_10', 4.092, '>'), ('SMA_10', 9.943, '<=')]",2.2203877028753243,106,"[149.4290646790971, 149.78690348747818, -99.8047157744459, 149.43789717951967, -99.80650982778819, 12.420021057128906, -99.69206890061191, -99.90803210557159, -99.60749229984496, 71.40003204345703, -99.58768741119334, -99.91278508488247, -99.93426089269751, 1.9600448608398438, -99.90656351608693, -99.64547149686953, 149.58228830940112, 26.950056076049805, -99.85729049027623, 149.62704963748368, -99.77106583963457, -39.30002498626709, 149.90779769381174, 149.75164771568748, 149.83408444982302, 149.8776143302387, 149.73558893297687, -24.32256317138672, 149.86657777036194, -99.8997642860008, -99.79520672423476, 149.67222848889793, -99.56149951350824, -99.96291113515908, -99.83307936731462, -99.99559554130963, 149.65226036011074, -99.73310756377417, 149.97574587600366, -11.100042343139648, -99.67052924936637, -99.86646234553149, 149.65906686390133, 149.89721397761267, 149.82464114881668, -99.8888880123094, 149.60337998728056, 149.6615726391509, -99.77004872802308, -99.87673228662062, 149.4989757132743, -99.76226774902153, -99.89099666659722, -99.74269307787519, -99.75057008671362, -99.8960476666195, -99.89335806887489, 149.68759842957758, 149.68027218944005, 149.96143865846142, -99.89741249729448, 149.75308863968556, 149.6677450283884, -99.96094706559614, -99.860984557998, -99.96761236211685, 149.95931089349497, -34.916157722473145, -99.89599873057689, 149.62260823105495, -99.74691796719624, -99.82103970326547, -99.74923632015555, -99.75479448900376, -99.99897289055919, 149.88115848236214, -99.89751265630873, -99.91258402572011, 149.81337945349873, 149.76551274600524, 149.7942618716712, -99.9759328022269, -99.81578008451052, -99.99248330640592, -99.87467536351065, 149.81281842538067, 149.8815162755588, 149.5525252007695, -99.96398855393183, 149.63087188968564, 149.87981200534972, -99.877765618487, 149.96259212820652, 149.9771533854298, 149.9154147868322, 149.93182664594934, -99.83158843792306, 149.64521557103805, 149.95251026584128, -99.99648060395457, -99.41351082218554, -99.93012320312688, 149.35175581120424, 149.47106971793093, 149.4794685912305, -99.99954483452738]","[ 149.42906468  299.21596817  199.41125239  348.84914957  249.04263974
  261.4626608   161.7705919    61.86255979  -37.74493251   33.65509954
  -65.93258787 -165.84537296 -265.77963385 -263.81958899 -363.72615251
 -463.371624   -313.78933569 -286.83927962 -386.69657011 -237.06952047
 -336.84058631 -376.1406113  -226.2328136   -76.48116589   73.35291856
  223.23053289  372.96612183  348.64355866  498.51013643  398.61037214
  298.81516542  448.4873939   348.92589439  248.96298326  149.12990389
   49.13430835  198.78656871   99.05346114  249.02920702  237.92916468
  138.25863543   38.39217308  188.05123995  337.94845392  487.77309507
  387.88420706  537.48758705  687.14915969  587.37911096  487.50237867
  637.00135438  537.23908664  437.34808997  337.60539689  237.8548268
  137.95877914   38.06542107  187.7530195   337.43329169  487.39473035
  387.49731785  537.25040649  686.91815152  586.95720445  487.09621989
  387.12860753  537.08791842  502.1717607   402.27576197  551.8983702
  452.15145224  352.33041253  252.58117621  152.82638172   52.82740883
  202.70856732  102.81105466    2.89847063  152.71185009  302.47736283
  452.2716247   352.2956919   252.47991182  152.48742851   52.61275315
  202.42557157  352.30708785  501.85961305  401.8956245   551.52649639
  701.40630839  601.52854277  751.4911349   901.46828829 1051.38370307
 1201.31552972 1101.48394128 1251.12915685 1401.08166712 1301.08518651
 1201.67167569 1101.74155249 1251.0933083  1400.56437802 1550.04384661
 1450.04430177]",1450.0443017738457,14.500443017738457,0.46226415094339623,1.2684770852727587,-7.848416397177265,1.8007999711079454,0.7125158623363712
NBTX,7,Rule 7,"[('EMA_50', 1.381, '>'), ('VWAP_20', 15.089, '<='), ('SMA_10', 4.092, '>'), ('SMA_10', 9.943, '>')]",2.2203877028753243,13,"[-99.55534125876181, -99.8715942138995, -99.75067310438882, -99.39807322652712, -99.46085975733797, 149.5260685783557, -99.25080762823035, -99.86405903740003, 148.50911622586707, 149.3082414628471, 149.51416358900616, -99.9452221427363, 149.9870532146101]","[ -99.55534126 -199.42693547 -299.17760858 -398.5756818  -498.03654156
 -348.51047298 -447.76128061 -547.62533965 -399.11622342 -249.80798196
 -100.29381837 -200.23904051  -50.2519873 ]",-50.251987298595765,-0.5025198729859576,0.38461538461538464,0.9369562166191635,-4.525756305236463,-0.4866657507269836,0.20433348723551373
NBTX,8,Rule 8,"[('EMA_50', 1.381, '>'), ('VWAP_20', 15.089, '>'), ('EMA_50', 18.098, '>'), ('SMA_10', 18.149, '<=')]",2.2203877028753243,2,"[149.383493301754, 147.28789297338434]",[149.3834933  296.67138628],296.67138627513833,2.966713862751383,1.0,inf,0.0,1589.1045666581404,0.9999999999999999
NBTX,9,Rule 9,"[('EMA_50', 1.381, '>'), ('VWAP_20', 15.089, '>'), ('EMA_50', 18.098, '>'), ('SMA_10', 18.149, '>')]",2.2203877028753243,88,"[-99.16936763509955, 148.5357377294994, 147.57360420531376, -98.4365123027429, -98.47178767224325, 148.77017633395675, -99.88919035277519, -99.96833122008934, -99.52698715241267, -98.52261881656855, -98.56410988931529, -99.81894411411761, 149.30628251769897, 38.747114181518555, 149.66694377745094, -99.86537512261, 148.75393583569002, -99.53762636898722, -99.945909237808, -99.93977738861965, 149.01863565459035, 149.39390746758824, 149.34977164631275, -99.67778732631848, -99.19419860048419, 149.0891670817474, -99.92013131447217, -99.10810792575822, -99.79542017092875, 117.01494026184082, -99.78834373541919, 149.30455359947888, -99.34374697729089, 149.51821526464116, 149.13329159543014, -99.44551903852692, 149.85336570587873, -99.18625499543009, -99.10456284721678, 148.90387032232033, 148.32481904493025, -99.274752535732, 148.77586938925717, 149.0959773017973, 148.97944582518707, -99.88082934085328, 148.90124873953386, 148.43423995149996, -98.42528068689185, 147.65402774326586, 149.18446061231958, -98.5053112542347, -98.68392903791852, -68.42506408691406, -99.70784807450653, 147.736270787232, -98.76065821169533, 149.95001945091798, -98.94731700666213, -98.74215534787594, 149.9312742573402, 148.61183103117628, -99.12946877304755, -98.6742297491065, 149.65795309778244, 149.39812215043065, -99.7481472338105, 147.91063894888248, 147.93973579890533, 149.35929657797402, -99.46129613724523, 148.501804977819, 147.08161148176484, -97.32000364780802, 149.5450317924849, -99.9609766262692, -99.04715026042909, -98.53927214784534, -33.280067443847656, -99.53315110330621, -99.10838642287317, 148.1509438435014, -98.7252031912277, 146.88703957412855, 149.85385587096474, 108.0300178527832, 148.44247899388262, -98.59675283429254]","[-9.91693676e+01  4.93663701e+01  1.96939974e+02  9.85034620e+01
  3.16743247e-02  1.48801851e+02  4.89126603e+01 -5.10556709e+01
 -1.50582658e+02 -2.49105277e+02 -3.47669387e+02 -4.47488331e+02
 -2.98182048e+02 -2.59434934e+02 -1.09767990e+02 -2.09633366e+02
 -6.08794297e+01 -1.60417056e+02 -2.60362965e+02 -3.60302743e+02
 -2.11284107e+02 -6.18901996e+01  8.74595721e+01 -1.22182153e+01
 -1.11412414e+02  3.76767532e+01 -6.22433781e+01 -1.61351486e+02
 -2.61146906e+02 -1.44131966e+02 -2.43920310e+02 -9.46157561e+01
 -1.93959503e+02 -4.44412878e+01  1.04692004e+02  5.24648479e+00
  1.55099850e+02  5.59135955e+01 -4.31909673e+01  1.05712903e+02
  2.54037722e+02  1.54762969e+02  3.03538839e+02  4.52634816e+02
  6.01614262e+02  5.01733433e+02  6.50634681e+02  7.99068921e+02
  7.00643641e+02  8.48297668e+02  9.97482129e+02  8.98976818e+02
  8.00292889e+02  7.31867825e+02  6.32159977e+02  7.79896247e+02
  6.81135589e+02  8.31085609e+02  7.32138292e+02  6.33396136e+02
  7.83327410e+02  9.31939242e+02  8.32809773e+02  7.34135543e+02
  8.83793496e+02  1.03319162e+03  9.33443471e+02  1.08135411e+03
  1.22929385e+03  1.37865314e+03  1.27919185e+03  1.42769365e+03
  1.57477526e+03  1.47745526e+03  1.62700029e+03  1.52703931e+03
  1.42799216e+03  1.32945289e+03  1.29617282e+03  1.19663967e+03
  1.09753129e+03  1.24568223e+03  1.14695703e+03  1.29384407e+03
  1.44369792e+03  1.55172794e+03  1.70017042e+03  1.60157367e+03]",1601.5736669170908,16.015736669170906,0.4772727272727273,1.3585587645790722,-6.319820522730541,2.363058337207003,0.9209826067035178
PRQR,0,Rule 0,"[('EMA_50', 1.381, '<='), ('ATR_50', 0.044, '<='), ('EMA_20', 1.291, '<='), ('ATR_50', 0.032, '>')]",2.2810197207215124,8,"[-99.94127026162414, 149.97726883855728, -99.9835989056586, -99.92548271938094, 149.88868311325473, 149.90463174287873, 149.92228254574897, 149.97901576418963]","[-9.99412703e+01  5.00359986e+01 -4.99476003e+01 -1.49873083e+02
  1.56000651e-02  1.49920232e+02  2.99842514e+02  4.49821530e+02]",449.8215301179656,4.498215301179656,0.625,2.5001534174886926,-1.989137965807761,6.901755696267232,0.8244394234844099
PRQR,1,Rule 1,"[('EMA_50', 1.381, '<='), ('ATR_50', 0.044, '<='), ('EMA_20', 1.291, '>'), ('SMA_10', 1.281, '<=')]",2.2810197207215124,3,"[149.93883966425346, -99.96422100818981, -99.96677597842768]",[149.93883966  49.97461866 -49.99215732],-49.99215732236402,-0.4999215732236402,0.3333333333333333,0.749952943386211,-1.9697753862843042,-1.8334443232470288,-0.9999999999727818
PRQR,4,Rule 4,"[('EMA_50', 1.381, '>'), ('VWAP_20', 15.089, '<='), ('SMA_10', 4.092, '<='), ('ATR_50', 0.14, '<=')]",2.2810197207215124,306,"[149.89858618168196, -99.98304281551951, -99.96251326604788, -63.35993957519531, 149.95209311689845, -99.99472700607947, 149.97156569103424, -99.9701304115158, -99.99375733841315, -99.97089893545176, -99.99356911082285, -99.99755078430732, -99.98504197841345, -99.95816556818534, -99.99779161729765, -99.991317357172, -99.98796799808784, -99.95394819553637, -99.98807365483363, 14.084986567497253, 149.89595543312953, 149.94507643055093, 149.9606894906957, -99.97537353779069, 149.9806642525188, 149.87634770450308, -99.98255804422737, 50.72002720832825, 149.96070125390042, -99.97176185869736, 149.99124133952358, -99.90602137005088, -99.96307988488073, 149.9963928400599, -99.939422437824, -99.88617358612217, 149.96414519719963, 149.9734978585891, 149.86149592437886, 149.83237655979036, -99.88553081372683, -99.99075541534181, -99.98274143166434, -99.91876994845182, -99.83542771923352, 37.299964427948, 16.08011245727539, -99.95151511559283, 70.7999324798584, -99.97454264113408, 149.91703804900368, 149.9519108769587, 149.92305398193437, -99.95634632304474, 149.98612206135832, -99.8624133265897, -24.99997615814209, -99.97447480284667, -99.91187808640171, -99.92338418650213, 149.97931121477788, -99.97509739887127, -99.90778164145499, -99.9312865366602, -99.89564690873374, -99.98867999011756, 52.63801336288452, -9.187927484512329, 149.9199649496944, -99.95710794024477, -99.93094082461207, -0.38514912128448486, -99.99692535488971, -99.93464714774188, 149.97119233572712, 149.9381357482102, -99.98964130987878, -99.98505387757773, -99.939278500358, -99.99366835028611, -99.9842681357472, -99.94920561727848, -37.90496385097504, 68.74993443489075, 149.9064686137921, -99.95296585645647, 149.9174854912909, 149.9376920828743, -99.94538254311826, 149.9981228142776, -99.96828535041001, -99.96192814586406, 149.95437666328814, -99.96067486151313, -99.97630957998588, 149.9200706390704, 149.9239711529689, -99.92620983553118, 149.98228120371226, 149.9526622863291, 149.88496507586515, -99.93148802844689, -99.97106617635393, -99.99577619910093, -80.90072059631348, -99.94521435593909, -99.94795319762927, 21.08242619037628, -99.97604038043268, -99.95670628907313, -99.99072992024081, -99.99947394591386, 149.99411333166347, 149.99450590618721, -99.92162526381512, 149.8989949734394, -99.88690037596987, 43.91995811462402, 149.9821749269918, 149.77291214873352, 149.90153532804504, 149.6786304953503, 149.67004222201246, 149.74718399696187, -3.1600723266601562, 149.64940877782877, -99.93409075849209, -78.91599750518799, -99.99973740254293, 149.91445848099642, 149.89505408776557, -99.95782730671041, -99.92247006095761, -99.89661465665394, -99.84252486361723, -99.84679110550225, -99.94065890128175, -99.90681306690176, -99.8492765515567, -99.83485862594007, 149.7642287826928, -99.97250706832058, -29.67997169494629, -99.89298602070822, -99.94905811223879, -18.38998246192932, -99.88778197459474, 149.87905074537196, -99.895504249286, 149.99175722375776, -99.90869228643973, -99.98540270581455, 149.83110764283083, 149.9575348798134, -99.93944227157697, -99.88463610318055, -99.87036567716547, -99.99463375970524, -99.90400743109232, -99.89867456619476, -99.88024549654031, -99.89855034827575, -99.99430878961866, -99.93708253899443, -99.9470797511282, -99.95375094024345, 149.9001291519439, 149.89916642908193, 149.8863732342542, -99.97393916643522, -99.90806464904163, -16.359984397888184, 149.95581002854433, 149.94030819676018, -99.97866740913679, 149.93254686366097, -99.95918877121314, 86.39991760253906, 149.94821713278975, -99.9389019418479, 149.91377021115767, -99.95864680997177, 38.18509364128113, 149.94121915173233, -99.96299730859754, 149.99693175309187, -99.96156807106804, -99.98925968824166, -99.93115455818044, 149.97901615575253, 149.837911392332, 149.86490109478464, -99.93018899648685, -99.97739605850485, -99.90668176278068, 149.92806454426798, -99.95492924028295, -99.92209307281604, -99.97674665129227, 91.79999828338623, -99.93185199711908, 149.98470073666417, 149.88489650339747, 41.04996085166931, -99.95879187862, 149.9984000898172, 149.9252440345036, -99.98842286375653, 149.88391648650344, -99.9679446634203, -99.97728874849305, -99.98855048066004, -99.97694331380204, -99.91094722153946, 149.91185015758228, -99.90737363282327, 149.96518134627905, -99.96105358993458, 149.86305666996859, 149.8941613731029, 149.91033435200282, -99.91202504216562, 149.8520839248815, -99.92671516931826, 149.97000940763067, 149.99846166309692, 149.82831481983243, -99.90235629699391, -99.94328585384868, 149.9889232866458, -99.95226848277818, -21.64997935295105, -99.8553389689963, -99.94649234138855, -99.91160649396396, -99.9926482634469, 149.90097540113254, -54.53994798660278, 149.86213630116978, -99.89012045400838, -99.88905960654972, 149.86574494564977, 149.9779029911284, -99.99315484262192, 149.96994745094594, -99.89637781543112, -99.98184066820653, -25.900063514709473, -99.97150771256607, 149.83726407345551, -99.99348870988976, -99.92437265463049, -99.92834698630942, -99.89396175216264, -99.97044335735576, 11.36201000213623, -99.9112337586314, 149.8552328499432, -99.98949382115386, -99.93665778016873, -99.9418399422618, -99.99273504903205, 149.96280747120292, -99.95664043035433, -99.93434685700022, 149.93898132032115, -99.99043706375734, 149.91644791463818, 149.93986599978544, 149.90578459404296, -99.99994031918389, -99.98037428657716, -99.94226273783457, -99.91355806564019, -99.95861519669909, 149.97073328522873, 149.944289103434, 149.90893365778336, -99.91756282502601, 36.6849650144577, -99.94069851440393, -99.95466684957518, -99.94153215200136, -99.97831433896752, -99.94707040800016, 149.95188443014214, -99.9705125769902, 149.95868121308547, -99.99091419413253, -99.99351019147018, -99.94670816329278, 149.97134713362743, -99.99418293474896, -99.92488214333602, 149.9937282865696, -99.96871521043147, 149.89851502326664, 149.92426522492914, 149.96330155843083, 149.9090033233646, -99.9471415419427, -99.9988041556727, -99.89113316641124, 149.8167557254885, 149.953511847488, -99.97094597195539]","[  149.89858618    49.91554337   -50.0469699   -113.40690948
    36.54518364   -63.44954336    86.52202233   -13.44810808
  -113.44186542  -213.41276436  -313.40633347  -413.40388425
  -513.38892623  -613.3470918   -713.34488342  -813.33620077
  -913.32416877 -1013.27811697 -1113.26619062 -1099.18120406
  -949.28524862  -799.34017219  -649.3794827   -749.35485624
  -599.37419199  -449.49784428  -549.48040233  -498.76037512
  -348.79967386  -448.77143572  -298.78019438  -398.68621575
  -498.64929564  -348.6529028   -448.59232524  -548.47849882
  -398.51435362  -248.54085577   -98.67935984    51.15301672
   -48.7325141   -148.72326951  -248.70601094  -348.62478089
  -448.46020861  -411.16024418  -395.08013173  -495.03164684
  -424.23171436  -524.206257    -374.28921895  -224.33730808
   -74.41425409  -174.37060042   -24.38447836  -124.24689168
  -149.24686784  -249.22134264  -349.13322073  -449.05660492
  -299.0772937   -399.0523911   -498.96017274  -598.89145928
  -698.78710619  -798.77578618  -746.13777281  -755.3257003
  -605.40573535  -705.36284329  -805.29378411  -805.67893324
  -905.67585859 -1005.61050574  -855.6393134   -705.70117765
  -805.69081896  -905.67587284 -1005.61515134 -1105.60881969
 -1205.59308783 -1305.54229345 -1343.4472573  -1274.69732286
 -1124.79085425 -1224.7438201  -1074.82633461  -924.88864253
 -1024.83402507  -874.83590226  -974.80418761 -1074.76611576
  -924.81173909 -1024.77241395 -1124.74872353  -974.82865289
  -824.90468174  -924.83089158  -774.84861037  -624.89594809
  -475.01098301  -574.94247104  -674.91353722  -774.90931341
  -855.81003401  -955.75524837 -1055.70320156 -1034.62077537
 -1134.59681575 -1234.55352204 -1334.54425196 -1434.54372591
 -1284.54961258 -1134.55510667 -1234.47673194 -1084.57773696
 -1184.46463734 -1140.54467922  -990.5625043   -840.78959215
  -690.88805682  -541.20942632  -391.5393841   -241.79220011
  -244.95227243   -95.30286365  -195.23695441  -274.15295192
  -374.15268932  -224.23823084   -74.34317675  -174.30100406
  -274.22347412  -374.12008878  -473.96261364  -573.80940475
  -673.75006365  -773.65687671  -873.50615327  -973.34101189
  -823.57678311  -923.54929018  -953.22926187 -1053.12224789
 -1153.071306   -1171.46128847 -1271.34907044 -1121.4700197
 -1221.36552395 -1071.37376672 -1171.28245901 -1271.26786171
 -1121.43675407  -971.47921919 -1071.41866146 -1171.30329757
 -1271.17366324 -1371.168297   -1471.07230443 -1570.970979
 -1670.8512245  -1770.74977484 -1870.74408363 -1970.68116617
 -2070.62824592 -2170.58199686 -2020.68186771 -1870.78270128
 -1720.89632805 -1820.87026722 -1920.77833186 -1937.13831626
 -1787.18250623 -1637.24219804 -1737.22086545 -1587.28831858
 -1687.24750735 -1600.84758975 -1450.89937262 -1550.83827456
 -1400.92450435 -1500.88315116 -1462.69805752 -1312.75683837
 -1412.71983568 -1262.72290392 -1362.68447199 -1462.67373168
 -1562.60488624 -1412.62587008 -1262.78795869 -1112.9230576
 -1212.85324659 -1312.83064265 -1412.73732441 -1262.80925987
 -1362.76418911 -1462.68628218 -1562.66302883 -1470.86303055
 -1570.79488255 -1420.81018181 -1270.92528531 -1229.87532446
 -1329.83411634 -1179.83571625 -1029.91047221 -1129.89889507
  -980.01497859 -1079.98292325 -1179.960212   -1279.94876248
 -1379.92570579 -1479.83665302 -1329.92480286 -1429.83217649
 -1279.86699515 -1379.82804873 -1229.96499206 -1080.07083069
  -930.16049634 -1030.07252138  -880.22043746  -980.14715263
  -830.17714322  -680.17868156  -530.35036674  -630.25272303
  -730.19600889  -580.2070856   -680.15935408  -701.80933344
  -801.6646724   -901.61116475 -1001.52277124 -1101.5154195
  -951.6144441  -1006.15439209  -856.29225579  -956.18237624
 -1056.07143585  -906.2056909   -756.22778791  -856.22094275
  -706.2509953   -806.14737312  -906.12921379  -932.0292773
 -1032.00078501  -882.16352094  -982.15700965 -1082.08138231
 -1182.00972929 -1281.90369104 -1381.8741344  -1370.5121244
 -1470.42335816 -1320.56812531 -1420.55761913 -1520.49427691
 -1620.43611685 -1720.4288519  -1570.46604443 -1670.42268486
 -1770.35703172 -1620.4180504  -1720.40848746 -1570.49203955
 -1420.55217355 -1270.64638895 -1370.64632927 -1470.62670356
 -1570.5689663  -1670.48252436 -1770.44113956 -1620.47040627
 -1470.52611717 -1320.61718351 -1420.53474634 -1383.84978132
 -1483.79047984 -1583.74514669 -1683.68667884 -1783.66499318
 -1883.61206358 -1733.66017915 -1833.63069173 -1683.67201052
 -1783.66292471 -1883.6564349  -1983.60314307 -1833.63179593
 -1933.62597887 -2033.55086101 -1883.55713273 -1983.52584794
 -1833.62733291 -1683.70306769 -1533.73976613 -1383.83076281
 -1483.77790435 -1583.7767085  -1683.66784167 -1533.85108594
 -1383.8975741  -1483.86852007]",-1483.8685200684788,-14.838685200684786,0.3888888888888889,0.9164307572632979,-22.86210609242543,-0.6621101406594933,-0.7040204637557678
PRQR,5,Rule 5,"[('EMA_50', 1.381, '>'), ('VWAP_20', 15.089, '<='), ('SMA_10', 4.092, '<='), ('ATR_50', 0.14, '>')]",2.2810197207215124,3,"[-99.85846637168966, -99.61676953395938, 65.10002660751343]",[ -99.85846637 -199.47523591 -134.3752093 ],-134.37520929813562,-1.343752092981356,0.3333333333333333,0.3263564337294754,-1.006215610106035,-7.471401005657859,-0.34117715799842324
PRQR,6,Rule 6,"[('EMA_50', 1.381, '>'), ('VWAP_20', 15.089, '<='), ('SMA_10', 4.092, '>'), ('SMA_10', 9.943, '<=')]",2.2810197207215124,2,"[-99.70073262436085, -99.6205775003145]",[ -99.70073262 -199.32131012],-199.32131012467534,-1.9932131012467533,0.0,0.0,-1.006238042001349,-27913.077095542078,-0.9999999999999998
SGMO,0,Rule 0,"[('EMA_50', 1.381, '<='), ('ATR_50', 0.044, '<='), ('EMA_20', 1.291, '<='), ('ATR_50', 0.032, '>')]",2.529847201471929,39,"[-99.99907299371222, -99.97264129381982, -99.9266524636113, 149.91153289701913, 149.9143447301132, 149.9785388200963, -99.92840310679583, -99.9108311534, -99.97515259739106, 149.99659152723854, -99.90151374523623, -99.90805522431212, -99.93618232071303, 6.976802587509155, -99.9547933241822, 149.95906913704442, 149.87747032199735, -61.9115075469017, -99.95443839618069, -99.97467547166757, 149.89726047663478, 149.85085817697308, -99.97571447951947, 10.01999044418335, 149.84990708308231, -99.97573988472718, -99.97444170997991, 60.90494191646576, -99.93314328909406, -99.93555084267078, -99.99826256034984, 149.97509004958482, -29.811530470848083, -99.95626416929557, -42.57695370912552, -99.99577422822522, 149.94446519362828, 21.017995476722717, 37.17616894841194]","[-9.99990730e+01 -1.99971714e+02 -2.99898367e+02 -1.49986834e+02
 -7.24891240e-02  1.49906050e+02  4.99776466e+01 -4.99331846e+01
 -1.49908337e+02  8.82543657e-02 -9.98132594e+01 -1.99721315e+02
 -2.99657497e+02 -2.92680694e+02 -3.92635488e+02 -2.42676419e+02
 -9.27989482e+01 -1.54710456e+02 -2.54664894e+02 -3.54639570e+02
 -2.04742309e+02 -5.48914510e+01 -1.54867165e+02 -1.44847175e+02
  5.00273208e+00 -9.49730078e+01 -1.94947450e+02 -1.34042508e+02
 -2.33975651e+02 -3.33911202e+02 -4.33909464e+02 -2.83934374e+02
 -3.13745905e+02 -4.13702169e+02 -4.56279123e+02 -5.56274897e+02
 -4.06330432e+02 -3.85312436e+02 -3.48136267e+02]",-348.1362671950542,-3.481362671950542,0.41025641025641024,0.8368152524326198,-6.9575121489035485,-1.2933372070236295,-0.6113289832293233
SGMO,2,Rule 2,"[('EMA_50', 1.381, '<='), ('ATR_50', 0.044, '>'), ('VWAP_20', 1.421, '<='), ('SMA_10', 0.998, '<=')]",2.529847201471929,7,"[149.9254664863033, 149.88774582375356, -99.96903823281365, 149.9460830226756, -23.825083673000336, -38.24667739868164, -99.95609172511536]","[149.92546649 299.81321231 199.84417408 349.7902571  325.96517343
 287.71849603 187.7624043 ]",187.76240430312146,1.8776240430312146,0.42857142857142855,1.716658902192471,-1.565518225701704,3.5900255265823855,0.21558230361008432
SGMO,3,Rule 3,"[('EMA_50', 1.381, '<='), ('ATR_50', 0.044, '>'), ('VWAP_20', 1.421, '>'), ('EMA_50', 1.274, '<=')]",2.529847201471929,1,[149.81219041045296],[149.81219041],149.81219041045296,1.4981219041045297,1.0,inf,0.0,0.0,0.0
SGMO,4,Rule 4,"[('EMA_50', 1.381, '>'), ('VWAP_20', 15.089, '<='), ('SMA_10', 4.092, '<='), ('ATR_50', 0.14, '<=')]",2.529847201471929,21,"[149.7422199719693, -99.81018425538556, -99.71623030866462, 149.56708024311544, 149.62895939438133, 149.7237600758044, -99.72684436557435, -99.92802239057839, 78.92495894432068, -99.95763856569731, -99.85283779559738, -30.290026664733887, 149.89127989804015, 149.86375476693675, -99.97950398712521, -99.84663840017585, 149.6723992143102, 0.0, -99.76630338187117, 31.080005645751953, -66.25803530216217]","[149.74221997  49.93203572 -49.78419459  99.78288565 249.41184505
 399.13560512 299.40876076 199.48073837 278.40569731 178.44805874
  78.59522095  48.30519428 198.19647418 348.06022895 248.08072496
 148.23408656 297.90648578 297.90648578 198.14018239 229.22018804
 162.96215274]",162.9621527370643,1.629621527370643,0.42857142857142855,1.1637592894937276,-3.373649735513493,1.0848548047766153,0.30068132411198323
SGMO,5,Rule 5,"[('EMA_50', 1.381, '>'), ('VWAP_20', 15.089, '<='), ('SMA_10', 4.092, '<='), ('ATR_50', 0.14, '>')]",2.529847201471929,5,"[149.59865815625702, -99.89953684973804, -99.9503326745634, -99.89364930746282, -58.13997173309326]",[ 149.59865816   49.69912131  -50.25121137 -150.14486068 -208.28483241],-208.2848324086005,-2.082848324086005,0.2,0.4180093860159385,-3.526085145024544,-6.098459299817339,-0.9958605248585566
BCYC,4,Rule 4,"[('EMA_50', 1.381, '>'), ('VWAP_20', 15.089, '<='), ('SMA_10', 4.092, '<='), ('ATR_50', 0.14, '<=')]",2.271186552455931,6,"[-99.97954710516365, -99.92268032594733, -99.95460143993434, 149.83737113162562, -99.92993217442788, 105.48003911972046]","[ -99.97954711 -199.90222743 -299.85682887 -150.01945774 -249.94938991
 -144.46935079]",-144.4693507941271,-1.444693507941271,0.3333333333333333,0.6386339797337744,-2.0189582710148386,-3.229139729799287,-0.16045375871950246
BCYC,6,Rule 6,"[('EMA_50', 1.381, '>'), ('VWAP_20', 15.089, '<='), ('SMA_10', 4.092, '>'), ('SMA_10', 9.943, '<=')]",2.271186552455931,146,"[149.5256881858082, -99.80940335447117, -99.88021050457772, 149.5941579702452, -99.36892659585122, -99.57242818243571, -99.85328651607412, -99.56455508978472, -99.97843067641018, -99.5295252965683, -99.55356516301887, 149.88826011974763, 149.74384190343469, 149.6296780204582, 149.67778885672143, -99.73228733357661, -99.64176338109854, 149.61628155769773, -99.92373426640023, -99.69209832434078, 149.73774890427475, -99.61964299928499, 149.63845134533926, -99.84478100283623, 149.9056032547537, 149.67624836308445, -99.87777434891262, 149.5669275399829, 149.75154823787946, -99.95150382882309, -99.6619754113727, -99.87720006302143, -99.8471190832767, -99.6165289376145, -7.398004531860352, -99.74490288751996, -99.75374614081619, 149.82189481564006, 149.81221701322326, -99.76312999913434, 149.87503841846097, 149.99644790108815, -99.67096337327666, 149.58096239058412, -99.69761304139075, 149.97625724896054, -99.79712166349537, -99.80546838930547, -99.86628393093122, -99.9782997000663, -99.65239908475743, -99.72376542392824, 41.989901065826416, 149.8987413246033, -99.76881060800156, -99.97877261845446, -99.81866665477182, 149.69307400399302, 19.25332260131836, -99.99474911158923, 149.8914967971089, 149.88781104871427, 149.63665434643474, 149.88934761111125, -99.92116427530743, -99.93121997490826, 149.7694444755681, 149.7680918691969, -99.85556845451326, -99.63601413256973, 149.95989159558593, -99.71473708830071, -99.91970631604435, 149.78305111344883, -99.84459906116463, 149.47369939276942, -99.88509477207549, -99.6192781195941, -99.9903704686611, -99.68169076254237, -99.59009677643722, 78.12002897262573, -99.7567412472889, -99.93247797161011, 149.63934630342683, 149.60982597477758, 149.71402322293358, -99.88486665187494, -99.83593473883869, 25.160011291503906, 149.84552007167642, -99.99411058296025, -99.77667973692333, -40.91996097564697, -99.90208907724573, 149.76105235097896, 149.79394266175356, -99.91322901925211, -99.96090137608633, 149.89427875024936, 139.44014739990234, -99.91211778883218, -99.79375123734542, -99.86137235052297, -99.7476335504365, -99.86053004722139, 149.5671103263842, -99.8015073891528, -99.97048515364614, 149.915495131041, 149.91214457768686, -99.80350952729214, -67.1399359703064, -99.85995831717776, -99.8289694051715, 149.8699539934644, -99.88381546220633, -99.95354161886645, 149.70056057889005, -99.902371390073, 149.77042647325166, 7.579992771148682, 149.7147718154439, -99.84945040588349, 149.85489201714705, -99.95658253565287, -99.93995555772216, -99.9768749884776, -99.93958690923974, 149.8245421969225, 149.86707421418564, 149.85724669976523, -99.96130511331955, -99.9371605870883, -99.96667629138682, -99.94181569471871, -99.99886079843365, 149.85053165502515, 149.97634019486918, -99.92613531165502, -99.92332838485386, -99.98217945459831, -99.96130164776389, 44.27995777130127, -99.94127201401592, 149.9724699381256]","[ 1.49525688e+02  4.97162848e+01 -5.01639257e+01  9.94302323e+01
  6.13057012e-02 -9.95111225e+01 -1.99364409e+02 -2.98928964e+02
 -3.98907395e+02 -4.98436920e+02 -5.97990485e+02 -4.48102225e+02
 -2.98358383e+02 -1.48728705e+02  9.49083677e-01 -9.87832037e+01
 -1.98424967e+02 -4.88086855e+01 -1.48732420e+02 -2.48424518e+02
 -9.86867692e+01 -1.98306412e+02 -4.86679608e+01 -1.48512742e+02
  1.39286143e+00  1.51069110e+02  5.11913354e+01  2.00758263e+02
  3.50509811e+02  2.50558307e+02  1.50896332e+02  5.10191319e+01
 -4.88279872e+01 -1.48444516e+02 -1.55842521e+02 -2.55587424e+02
 -3.55341170e+02 -2.05519275e+02 -5.57070578e+01 -1.55470188e+02
 -5.59514941e+00  1.44401298e+02  4.47303351e+01  1.94311298e+02
  9.46136845e+01  2.44589942e+02  1.44792820e+02  4.49873517e+01
 -5.48789323e+01 -1.54857232e+02 -2.54509631e+02 -3.54233396e+02
 -3.12243495e+02 -1.62344754e+02 -2.62113565e+02 -3.62092337e+02
 -4.61911004e+02 -3.12217930e+02 -2.92964607e+02 -3.92959356e+02
 -2.43067860e+02 -9.31800486e+01  5.64566057e+01  2.06345953e+02
  1.06424789e+02  6.49356908e+00  1.56263014e+02  3.06031105e+02
  2.06175537e+02  1.06539523e+02  2.56499414e+02  1.56784677e+02
  5.68649710e+01  2.06648022e+02  1.06803423e+02  2.56277122e+02
  1.56392028e+02  5.67727496e+01 -4.32176209e+01 -1.42899312e+02
 -2.42489408e+02 -1.64369379e+02 -2.64126121e+02 -3.64058599e+02
 -2.14419252e+02 -6.48094264e+01  8.49045968e+01 -1.49802698e+01
 -1.14816205e+02 -8.96561933e+01  6.01893268e+01 -3.98047838e+01
 -1.39581464e+02 -1.80501424e+02 -2.80403514e+02 -1.30642461e+02
  1.91514814e+01 -8.07617476e+01 -1.80722649e+02 -3.08283702e+01
  1.08611777e+02  8.69965941e+00 -9.10940918e+01 -1.90955464e+02
 -2.90703098e+02 -3.90563628e+02 -2.40996517e+02 -3.40798025e+02
 -4.40768510e+02 -2.90853015e+02 -1.40940870e+02 -2.40744380e+02
 -3.07884316e+02 -4.07744274e+02 -5.07573244e+02 -3.57703290e+02
 -4.57587105e+02 -5.57540647e+02 -4.07840086e+02 -5.07742457e+02
 -3.57972031e+02 -3.50392038e+02 -2.00677266e+02 -3.00526717e+02
 -1.50671825e+02 -2.50628407e+02 -3.50568363e+02 -4.50545238e+02
 -5.50484825e+02 -4.00660283e+02 -2.50793208e+02 -1.00935962e+02
 -2.00897267e+02 -3.00834427e+02 -4.00801104e+02 -5.00742919e+02
 -6.00741780e+02 -4.50891248e+02 -3.00914908e+02 -4.00841044e+02
 -5.00764372e+02 -6.00746551e+02 -7.00707853e+02 -6.56427895e+02
 -7.56369167e+02 -6.06396697e+02]",-606.396697354412,-6.06396697354412,0.3972602739726027,0.9294952979249728,-10.693956130702448,-0.5578975321129596,-0.466994438706959
BCYC,7,Rule 7,"[('EMA_50', 1.381, '>'), ('VWAP_20', 15.089, '<='), ('SMA_10', 4.092, '>'), ('SMA_10', 9.943, '>')]",2.271186552455931,37,"[149.9628643925439, -99.45724073676735, -99.80454187300158, 149.35393791181352, 149.84834764019303, -99.93829707274531, -99.49101838140726, -15.959930419921875, 149.74220351868058, -99.73132161317449, 149.59828960569416, 149.56280032311778, 149.3469059961584, -59.670026779174805, -99.63990601654655, 149.4717721756116, -99.41705432669819, 149.75210419964503, -99.34528483510607, -99.48586007509614, 37.200050354003906, -99.50950122936891, -99.64252407056415, -99.41867213471569, -99.65699943660825, -99.87932509842796, 149.93645523399232, 149.64969345625815, -99.6274391566003, -99.71422325469591, -99.78157056731717, -99.84033014639228, -99.94065646635285, -99.97523413451506, 149.8978320061195, -99.84524226829363, -99.7167718676422]","[ 149.96286439   50.50562366  -49.29891822  100.05501969  249.90336733
  149.96507026   50.47405188   34.51412146  184.25632498   84.52500337
  234.12329297  383.6860933   533.03299929  473.36297251  373.7230665
  523.19483867  423.77778434  573.52988854  474.18460371  374.69874363
  411.89879399  312.38929276  212.74676869  113.32809655   13.67109712
  -86.20822798   63.72822725  213.37792071  113.75048155   14.0362583
  -85.74531227 -185.58564242 -285.52629888 -385.50153302 -235.60370101
 -335.44894328 -435.16571515]",-435.165715147302,-4.35165715147302,0.35135135135135137,0.8081693494982713,-9.539818909333231,-1.6044255469966295,-0.496902018233294
BCYC,8,Rule 8,"[('EMA_50', 1.381, '>'), ('VWAP_20', 15.089, '>'), ('EMA_50', 18.098, '>'), ('SMA_10', 18.149, '<=')]",2.271186552455931,4,"[-99.98430271390798, -99.47991907304102, -99.66914049100376, -44.440053939819336]",[ -99.98430271 -199.46422179 -299.13336228 -343.57341622],-343.5734162177721,-3.435734162177721,0.0,0.0,-2.4604921946804508,-49.33778803980845,-0.9870473526531197
BCYC,9,Rule 9,"[('EMA_50', 1.381, '>'), ('VWAP_20', 15.089, '>'), ('EMA_50', 18.098, '>'), ('SMA_10', 18.149, '>')]",2.271186552455931,116,"[-99.68585417280477, 149.25671010184226, -99.82359424171527, 149.5953171986111, -99.95993344639251, -99.57909253259461, -99.82872854905347, 149.4820078241899, -99.57698608122988, -99.59793380564946, 148.83010587586068, -99.7480702537683, -99.72304296387343, 149.28057604071856, 34.83005905151367, 149.42538328731308, 149.6003003210837, -99.47355128780704, -99.65507354069308, -99.75582391470776, -99.48512390443648, -99.39280488076935, -99.26356963198589, -99.45366385013949, -99.36506813282647, -99.7103475072127, -99.33392699628806, -99.40903295158462, -88.58006286621094, 149.64292249694358, 149.13397861803216, 149.38486630655422, -99.61540609758316, 13.875, -99.97428985723876, -99.38543892886882, 149.20730890925137, -99.1180331891623, -99.06202530459467, 148.58521082617318, -14.940025329589844, -99.8850771843807, -99.26048277492708, -99.53091212530161, -14.550148010253906, 148.85005837933574, -99.83117696412208, 149.88806186830467, 149.47599465193815, 149.78106522010157, -99.43669570991453, -99.7210758278462, -99.72387712311902, 149.7428822910746, -99.63416601671918, -99.11388102029602, 149.3826398603253, -99.7739381141867, -99.64266633162381, -99.28855672143513, 148.63533393732584, 149.27867059158183, -99.59583593153533, 32.42995262145996, 149.88257320790103, -99.98893390920432, -99.5545672284357, -99.81345246637613, -99.29670727513542, -33.600168228149414, -99.64235087942066, 149.94003090767572, 149.92921213603958, 149.08184531132326, -99.60936823324742, -99.69245631623944, 149.47060527970373, -99.52879900274255, 148.82507986713668, -99.57295564000597, 36.3800163269043, -99.3692076524146, 148.36444475103596, -98.99729019786614, -17.280029296875, -1.3600311279296875, -99.21526307846709, -99.76411222424521, -99.53418057747632, 149.97099036245913, 148.75853781969104, 149.41798073048085, 149.89542829671907, -99.07123328596353, -98.77659936860601, -94.24002838134766, -98.62704452736473, 149.50541799917812, 149.89872507981116, 148.6074981611304, 148.92769652950875, -99.73503118726462, -99.22235507819316, -83.83001899719238, 148.8537983203571, -99.14263308940643, -99.64412255810886, -98.99518851164089, -99.74536807338733, -99.22404367018504, -4.0800933837890625, -99.8650178551527, 149.44174283264616, -99.99862152347522, -99.4765532387523, 149.5974004307528]","[-9.96858542e+01  4.95708559e+01 -5.02527383e+01  9.93425789e+01
 -6.17354560e-01 -1.00196447e+02 -2.00025176e+02 -5.05431678e+01
 -1.50120154e+02 -2.49718088e+02 -1.00887982e+02 -2.00636052e+02
 -3.00359095e+02 -1.51078519e+02 -1.16248460e+02  3.31769233e+01
  1.82777224e+02  8.33036724e+01 -1.63514012e+01 -1.16107225e+02
 -2.15592349e+02 -3.14985154e+02 -4.14248724e+02 -5.13702387e+02
 -6.13067455e+02 -7.12777803e+02 -8.12111730e+02 -9.11520763e+02
 -1.00010083e+03 -8.50457903e+02 -7.01323925e+02 -5.51939058e+02
 -6.51554464e+02 -6.37679464e+02 -7.37653754e+02 -8.37039193e+02
 -6.87831884e+02 -7.86949918e+02 -8.86011943e+02 -7.37426732e+02
 -7.52366757e+02 -8.52251835e+02 -9.51512317e+02 -1.05104323e+03
 -1.06559338e+03 -9.16743319e+02 -1.01657450e+03 -8.66686434e+02
 -7.17210440e+02 -5.67429374e+02 -6.66866070e+02 -7.66587146e+02
 -8.66311023e+02 -7.16568141e+02 -8.16202307e+02 -9.15316188e+02
 -7.65933548e+02 -8.65707486e+02 -9.65350152e+02 -1.06463871e+03
 -9.16003375e+02 -7.66724704e+02 -8.66320540e+02 -8.33890588e+02
 -6.84008015e+02 -7.83996948e+02 -8.83551516e+02 -9.83364968e+02
 -1.08266168e+03 -1.11626184e+03 -1.21590419e+03 -1.06596416e+03
 -9.16034952e+02 -7.66953106e+02 -8.66562474e+02 -9.66254931e+02
 -8.16784325e+02 -9.16313124e+02 -7.67488045e+02 -8.67061000e+02
 -8.30680984e+02 -9.30050192e+02 -7.81685747e+02 -8.80683037e+02
 -8.97963066e+02 -8.99323097e+02 -9.98538361e+02 -1.09830247e+03
 -1.19783665e+03 -1.04786566e+03 -8.99107125e+02 -7.49689144e+02
 -5.99793716e+02 -6.98864949e+02 -7.97641549e+02 -8.91881577e+02
 -9.90508622e+02 -8.41003204e+02 -6.91104479e+02 -5.42496980e+02
 -3.93569284e+02 -4.93304315e+02 -5.92526670e+02 -6.76356689e+02
 -5.27502891e+02 -6.26645524e+02 -7.26289647e+02 -8.25284835e+02
 -9.25030203e+02 -1.02425425e+03 -1.02833434e+03 -1.12819936e+03
 -9.78757615e+02 -1.07875624e+03 -1.17823279e+03 -1.02863539e+03]",-1028.635389508514,-10.28635389508514,0.3620689655172414,0.8491953403415455,-13.73575585036582,-1.2278623497761,-0.6610471804832999
BCTX,4,Rule 4,"[('EMA_50', 1.381, '>'), ('VWAP_20', 15.089, '<='), ('SMA_10', 4.092, '<='), ('ATR_50', 0.14, '<=')]",2.3313205131863537,32,"[-99.7941209061711, -99.84523408836327, 149.6693951806667, -99.87283112072875, -99.91267700377384, 123.16505527496338, -99.94720686081178, 149.8073711212717, 62.220027923583984, 149.79904804317613, -99.77391225684799, 149.80603115935835, -99.98151812097836, 149.75110542717798, -99.85049769958981, 149.9783736930185, 149.91471611415307, -99.84977619873897, 149.9172421953184, 149.85136548691523, -99.84146642721632, -99.75755928993046, -61.34282398223877, -99.9371485144182, -99.97567045457382, 149.96870745142797, -99.93201215494005, 149.8404263832234, 47.00502109527588, 149.82469151052035, -99.98742645068253, 149.87865296636775]","[ -99.79412091 -199.63935499  -49.96995981 -149.84279093 -249.75546794
 -126.59041266 -226.53761952  -76.7302484   -14.51022048  135.28882756
   35.51491531  185.32094647   85.33942835  235.09053377  135.24003607
  285.21840977  435.13312588  335.28334968  485.20059188  635.05195736
  535.21049094  435.45293165  374.11010766  274.17295915  174.1972887
  324.16599615  224.23398399  374.07441037  421.07943147  570.90412298
  470.91669653  620.7953495 ]",620.7953494964148,6.207953494964149,0.5,1.3980473201836618,-4.333356061784782,2.543319180601574,0.8521984119615407
BCTX,5,Rule 5,"[('EMA_50', 1.381, '>'), ('VWAP_20', 15.089, '<='), ('SMA_10', 4.092, '<='), ('ATR_50', 0.14, '>')]",2.3313205131863537,3,"[-8.449991941452026, -99.66901584017955, -63.84001159667969]",[  -8.44999194 -108.11900778 -171.95901938],-171.95901937831127,-1.7195901937831128,0.0,0.0,-1.6364730928132625,-19.79909455304029,-0.9920921332457469
BCTX,6,Rule 6,"[('EMA_50', 1.381, '>'), ('VWAP_20', 15.089, '<='), ('SMA_10', 4.092, '>'), ('SMA_10', 9.943, '<=')]",2.3313205131863537,106,"[-99.62320527737205, -99.27299685940733, -99.80511482582979, 67.39205932617188, -99.63386360903502, -99.99014978484247, -99.7005928385662, -99.66183431487636, 149.67178707888192, -99.8305606399821, 149.43780549680127, -99.72605301536899, 149.51732187625447, 149.43855630101635, -99.88801702225115, -99.78982867478616, -99.83782771865809, 149.84138175515744, -99.47742891129548, -99.80904512287114, 3.4800243377685547, 148.07406270262717, 148.72197862641008, 149.84275703451704, 148.88163536021355, -99.8197694426863, 59.40003776550293, -99.3873664222815, -99.7667614800673, -99.64483098224703, -99.60824708833489, -99.55906686098272, 149.35827034140664, 149.879982623191, -99.83865659477246, 149.64480384972248, 149.83316109432042, 149.55380663230545, 149.42737897964997, 149.2412982596084, -99.05255872306564, -22.4639892578125, -99.22173998401146, 149.42069821282223, -99.7015939997858, 149.92427163438313, -99.99807005284727, -99.99237137114922, -18.039982795715332, 148.87374156083933, -8.442008972167969, -99.94184076562682, 149.9225546528963, -99.79375205730082, -99.9695849151096, 149.74578753358176, -99.73247285330321, 149.33475048975131, 149.50761628189073, -99.74553190420524, -99.79432020462048, -99.96328380248968, 149.56094502519105, 149.25811670090522, -99.53290624929065, 149.18253349769353, -99.58762930357419, 22.375, 149.95632863654833, 149.77881901712084, -99.92776459006386, 149.91882787861346, 149.48502092024762, 149.8509832981219, 149.34319129266729, -99.49931167648595, -99.97421702549887, -99.81026821594273, 149.47717731233354, 149.54578373582666, 149.36060426098157, 149.74791825277967, -99.18218586731498, -99.73038333223407, 149.21443685729585, 149.68545393002455, 148.98924801864945, -34.50495481491089, -3.880042552947998, -99.83938279794623, 12.004947662353516, -99.96094549185696, -99.98540512996952, -34.38005828857422, -99.78392106766111, 50.68003797531128, 149.92578898392276, -99.91905288666209, 149.78392123751232, -99.77193885980851, -99.996271431032, -99.8314322705497, -99.88427361753077, 6.630151748657227, -99.944851297212, -99.95470925572911]","[ -99.62320528 -198.89620214 -298.70131696 -231.30925764 -330.94312125
 -430.93327103 -530.63386387 -630.29569818 -480.6239111  -580.45447174
 -431.01666625 -530.74271926 -381.22539739 -231.78684109 -331.67485811
 -431.46468678 -531.3025145  -381.46113275 -480.93856166 -580.74760678
 -577.26758244 -429.19351974 -280.47154111 -130.62878408   18.25285128
  -81.56691816  -22.1668804  -121.55424682 -221.3210083  -320.96583928
 -420.57408637 -520.13315323 -370.77488289 -220.89490027 -320.73355686
 -171.08875301  -21.25559192  128.29821472  277.7255937   426.96689196
  327.91433323  305.45034397  206.22860399  355.6493022   255.9477082
  405.87197984  305.87390978  205.88153841  187.84155562  336.71529718
  328.27328821  228.33144744  378.25400209  278.46025004  178.49066512
  328.23645265  228.5039798   377.83873029  527.34634657  427.60081467
  327.80649446  227.84321066  377.40415569  526.66227239  427.12936614
  576.31189964  476.72427033  499.09927033  649.05559897  798.83441799
  698.9066534   848.82548128  998.3105022  1148.16148549 1297.50467679
 1198.00536511 1098.03114808  998.22087987 1147.69805718 1297.24384092
 1446.60444518 1596.35236343 1497.17017756 1397.43979423 1546.65423109
 1696.33968502 1845.32893304 1810.82397822 1806.94393567 1707.10455287
 1719.10950053 1619.14855504 1519.16314991 1484.78309162 1384.99917056
 1435.67920853 1585.60499751 1485.68594463 1635.46986587 1535.69792701
 1435.70165557 1335.8702233  1235.98594969 1242.61610143 1142.67125014
 1042.71654088]",1042.7165408819276,10.427165408819276,0.4528301886792453,1.196427420331575,-6.775771248666226,1.33437765621002,0.9354507720576585
BCTX,7,Rule 7,"[('EMA_50', 1.381, '>'), ('VWAP_20', 15.089, '<='), ('SMA_10', 4.092, '>'), ('SMA_10', 9.943, '>')]",2.3313205131863537,58,"[-99.62089066733577, 147.59118340353626, -99.18460764139932, -99.41961190644194, -10.430011749267578, -99.67609553740414, -99.56298419606547, -99.57418177188174, -99.32686675891668, 149.55274103925782, -98.99233617436735, -99.55254948597815, -99.15898742998729, -99.95210027805909, -99.71901262645078, 148.58845029950123, 11.825992584228516, -99.77906660298886, 149.00215172614844, -99.9801633851002, -99.09173896618739, 149.36018325301237, -99.6756791761747, -99.72039937814414, -42.46999645233154, 147.19547900038106, 8.486990928649902, 149.8357668481758, 149.98122877003456, -99.48359182231324, -99.68576151219649, -99.68113340378414, 149.23895616933078, 149.76717803338116, -99.56369908253792, -99.48266358600576, 149.42017168606216, -99.45765807824456, -99.62846881078255, -99.42569202100432, -99.26297457527215, -99.50537293729064, 148.91493991197586, -99.82810662775076, -99.62208227818911, -99.47915158448274, -99.49009414543801, 149.3719210512427, 149.96553468414626, 149.97211113277623, -99.88788695800213, -99.60116972559703, 149.80193933808278, -99.60518971138714, -99.62557653761482, -99.95992890079296, -99.05725651034233, -99.41906118995492]","[  -99.62089067    47.97029274   -51.21431491  -150.63392681
  -161.06393856  -260.7400341   -360.30301829  -459.87720007
  -559.20406683  -409.65132579  -508.64366196  -608.19621145
  -707.35519888  -807.30729915  -907.02631178  -758.43786148
  -746.6118689   -846.3909355   -697.38878377  -797.36894716
  -896.46068613  -747.10050287  -846.77618205  -946.49658143
  -988.96657788  -841.77109888  -833.28410795  -683.4483411
  -533.46711233  -632.95070415  -732.63646567  -832.31759907
  -683.0786429   -533.31146487  -632.87516395  -732.35782754
  -582.93765585  -682.39531393  -782.02378274  -881.44947476
  -980.71244933 -1080.21782227  -931.30288236 -1031.13098899
 -1130.75307127 -1230.23222285 -1329.722317   -1180.35039594
 -1030.38486126  -880.41275013  -980.30063709 -1079.90180681
  -930.09986747 -1029.70505718 -1129.33063372 -1229.29056262
 -1328.34781913 -1427.76688032]",-1427.7668803235417,-14.277668803235416,0.3103448275862069,0.6277630448366791,-14.686918154272119,-3.5267347770804456,-0.8230673799180049
BCTX,8,Rule 8,"[('EMA_50', 1.381, '>'), ('VWAP_20', 15.089, '>'), ('EMA_50', 18.098, '>'), ('SMA_10', 18.149, '<=')]",2.3313205131863537,2,"[-98.83906232691163, -98.66588584796591]",[ -98.83906233 -197.50494817],-197.50494817487754,-1.9750494817487756,0.0,0.0,-0.9965082526085448,-12801.897568801138,-1.0
BCTX,9,Rule 9,"[('EMA_50', 1.381, '>'), ('VWAP_20', 15.089, '>'), ('EMA_50', 18.098, '>'), ('SMA_10', 18.149, '>')]",2.3313205131863537,127,"[-99.14080142425297, 147.41250353936505, -97.86111577479844, -97.92726578487381, -96.81102407335692, -98.6655785850733, -95.96116870676127, 146.3682055443395, -98.49810350027668, 147.17450917505295, -69.2999496459961, -99.84601965419441, -97.64616763929294, 148.20927632870564, 148.39503635699884, -99.81335694170969, -97.75224670683329, -98.70176997398471, -97.5386396782512, -97.0232248961911, -98.95337515064665, 66.50093078613281, -97.81629363358425, 146.08317861357523, -98.27574121344409, 147.4136336976399, 148.05827053495503, 146.72886983840277, -99.75069345390443, 145.98777095082232, -98.83916157593856, -98.93207680748185, -97.63210878339665, -99.4647043589622, -98.90267615082996, 149.9788480606798, -98.59282513525704, 147.77154943397235, 147.34778276863773, 147.8656505846685, 147.66744280744382, -99.36821331659765, -96.31262640851322, -96.82776051859389, -98.30343667220795, 79.968017578125, -99.65647304429693, 146.56276698701674, -98.38475684269648, -98.04922149514852, -99.5498539766744, -97.93414456062493, 147.0867951794798, -98.95441690969878, 148.2452347580955, -99.16883447200092, -98.74316446645557, 1.104095458984375, -98.98822187532187, -99.2970809342219, -99.21633882706246, -99.03533545957279, -98.38826470884342, 148.20896830988414, -98.95672702862763, 146.79389075739698, 17.20006561279297, -98.46303728940211, -98.84418467947057, -98.77105086398373, -99.43304605374487, 149.2819005829864, -98.22290088919044, 56.16619873046875, -99.13370529668991, -99.17343443317586, -99.12279074957306, -99.03951539103942, -99.47117515540226, -99.04456037204505, 149.07348789808083, -95.79199813998694, -65.12002182006836, 149.4675859077107, 148.9202910219806, -97.84830091118653, -97.81559035284468, -95.68766951490701, -99.08906155471243, 50.42796325683594, 146.74111722169104, 147.16192695969784, 148.86818848440072, -99.71506180816124, -98.86287355583477, -99.96549822970451, 149.9423641717238, 146.81701097830987, 148.8241507306577, -97.27089461770815, -99.59176090005326, 144.660848278363, 147.57608834688938, 144.56205067438225, -94.66677267957219, -65.50003051757812, -96.14889201598581, -97.50703046395074, 147.30381785087428, 147.5186847907154, 149.69702671340798, -99.44913382299376, -99.89245592608924, -99.89907839745375, -98.71903814855172, 146.5563750295214, 10.655933380126953, -99.9097025789139, -98.9017512495032, -99.61484608143502, 147.79967519418508, -78.75, -98.69875275020509, -98.73375910929187, -99.97919103811414, -99.66845345125991, 31.160009384155273]","[  -99.14080142    48.27170212   -49.58941366  -147.51667944
  -244.32770352  -342.9932821   -438.95445081  -292.58624527
  -391.08434877  -243.90983959  -313.20978924  -413.05580889
  -510.70197653  -362.4927002   -214.09766384  -313.91102079
  -411.66326749  -510.36503747  -607.90367715  -704.92690204
  -803.88027719  -737.37934641  -835.19564004  -689.11246143
  -787.38820264  -639.97456894  -491.91629841  -345.18742857
  -444.93812202  -298.95035107  -397.78951265  -496.72158945
  -594.35369824  -693.8184026   -792.72107875  -642.74223069
  -741.33505582  -593.56350639  -446.21572362  -298.35007304
  -150.68263023  -250.05084354  -346.36346995  -443.19123047
  -541.49466714  -461.52664957  -561.18312261  -414.62035562
  -513.00511247  -611.05433396  -710.60418794  -808.5383325
  -661.45153732  -760.40595423  -612.16071947  -711.32955394
  -810.07271841  -808.96862295  -907.95684483 -1007.25392576
 -1106.47026459 -1205.50560005 -1303.89386475 -1155.68489644
 -1254.64162347 -1107.84773272 -1090.6476671  -1189.11070439
 -1287.95488907 -1386.72593994 -1486.15898599 -1336.87708541
 -1435.0999863  -1378.93378757 -1478.06749286 -1577.2409273
 -1676.36371805 -1775.40323344 -1874.87440859 -1973.91896896
 -1824.84548107 -1920.63747921 -1985.75750103 -1836.28991512
 -1687.3696241  -1785.21792501 -1883.03351536 -1978.72118487
 -2077.81024643 -2027.38228317 -1880.64116595 -1733.47923899
 -1584.61105051 -1684.32611232 -1783.18898587 -1883.1544841
 -1733.21211993 -1586.39510895 -1437.57095822 -1534.84185284
 -1634.43361374 -1489.77276546 -1342.19667711 -1197.63462644
 -1292.30139912 -1357.80142964 -1453.95032165 -1551.45735212
 -1404.15353426 -1256.63484947 -1106.93782276 -1206.38695658
 -1306.27941251 -1406.17849091 -1504.89752906 -1358.34115403
 -1347.68522065 -1447.59492322 -1546.49667447 -1646.11152056
 -1498.31184536 -1577.06184536 -1675.76059811 -1774.49435722
 -1874.47354826 -1974.14200171 -1942.98199233]",-1942.9819923259026,-19.429819923259025,0.36220472440944884,0.7529991875623595,-21.158682921532293,-2.1662058037542224,-0.8560154129734131
BCRX,6,Rule 6,"[('EMA_50', 1.381, '>'), ('VWAP_20', 15.089, '<='), ('SMA_10', 4.092, '>'), ('SMA_10', 9.943, '<=')]",2.151635834831926,333,"[149.97117080923886, 149.96023833659657, -99.86597213508837, -99.91902317632143, 149.94398444469797, -99.88859111405345, -99.97635015301516, -99.97072901424626, 149.75987901746748, -99.83193283003035, -99.8971530190585, 149.79618756438617, 149.8863957302678, -99.91217556064008, -99.82537281703911, 149.72347702429792, -99.7508394594715, -99.71920958616988, -99.86644422948731, -99.93301337691025, 149.68984563859487, -99.82157513185678, -99.85201515572895, -99.93291775558207, -99.86160558508138, 149.7823195990447, -99.85842627851466, -99.97544546444412, -99.78303025651313, -99.94637688844641, -99.85164561828245, 149.95758662994245, -99.97296431669142, 149.88755525173076, -99.93989975411303, -99.91221142889796, -99.78694215377962, -99.85574949691129, -99.83945812596635, -99.74302703279551, 149.97906024596736, -99.98097289020764, 149.96157711727065, -4.0800933837890625, 149.77437029638824, 149.88712646394407, 149.9224680760901, -99.78875512185174, 149.6297511118546, -99.92379195149505, 149.98068724491972, -46.37505054473877, 149.6227203279784, -99.91529962844785, -99.82900158488789, 149.74407662855094, -99.85434447897356, 149.9212284666347, 149.6397459209312, -99.86876643243144, -99.96736449778493, -99.99976426641588, -99.94271988563045, -99.70489964919956, -58.431880950927734, -99.79850328535635, 149.95755455781, -99.95295216801874, 149.88736047970343, 149.71564055891253, -99.8222584344815, -99.76267220897134, 149.62770443581704, -99.81554885413806, 86.64008951187134, -99.8901192495809, -99.97466467320753, -99.9803091632796, 149.9600061983806, -99.94723099620788, -99.88554612877758, 149.89827057572376, 149.73291044794325, -99.77772983906596, -99.87419733400434, -99.91721466100216, -99.98257415758373, 118.44006729125977, -99.88403596841802, -99.81269441385227, -99.91683375569805, -99.95891852851014, -99.99231657560068, 149.96090163261266, 149.76131410687643, -99.86458638505387, 149.76459020438836, 149.83542738722696, -99.87603824976927, 149.69602047820555, 149.8767171487211, 64.79999542236328, -99.83159782706774, 149.57882545983804, -99.83314802116351, -99.96596567676588, 149.76676790832096, -99.8202947089204, -99.87606574603097, 149.78596446451832, -99.86219024999657, 149.80575835648307, -58.99489164352417, 149.9525852240822, 149.76834319788557, 149.88940595534402, -99.81224971311724, -99.80636896038979, 149.7816278936445, -99.7790573544805, -99.97369101826656, -99.80619996097792, -99.94677833386848, 149.62252180086452, 149.75776142569813, -99.8395399581246, 92.1345009803772, -99.73967187327119, 149.71877079285963, 149.99173895694844, -99.82106480944657, 149.891643371308, 149.99314459047312, -99.99198657942028, -99.82608609879709, -99.95948850139351, -99.9070468101525, 104.78009223937988, 149.79340362944023, -99.91266121849365, -99.80324128113241, -99.96366120275496, -99.82326547480929, -99.81876080738573, 149.95715571837707, 149.79615810850288, -99.97875176680509, 149.9835974369542, 123.5, -99.77850669053956, 149.80331684233425, 149.57996654444167, -99.832186944736, -99.92410739928033, 149.91506046005028, -99.91048503301121, 149.94019651658476, -99.76159798747857, -99.99345122731029, 149.94921303329093, -99.9169931108988, -99.93178158542193, 149.69965780272682, -99.84302049239498, 149.9619970098115, -99.87299642451133, -99.80473900661529, -99.99546955552258, -99.70972280130887, 149.7712920180637, 53.649983406066895, -99.8957699776108, 149.73914032111668, 149.72442333687428, -36.300201416015625, 149.8327887310372, -99.8246128121558, 149.58527435920422, -99.85739547649209, 149.72633836942848, -99.9063314969545, -99.78949850586032, -99.87331156450269, 149.68017389007437, -38.77996301651001, 149.76754241030062, -99.95323215793793, -99.88540776512598, -99.96849442998679, -99.94788269865097, -99.91967061068813, -99.80011105744518, 149.62877266558695, -99.98890732641499, -99.73166703432192, 149.5838702954279, -99.72898838543507, 149.6758532013696, 149.4530884199561, 149.4879102604164, 149.89183568098346, 149.79512742959815, 149.74864573777333, 149.7326601498828, 149.7899849925384, -99.81049274302912, 149.66847427172863, -99.9440887069964, -99.9804618701304, -99.83968306180309, -99.79357642719741, 149.64003152296087, -99.8810930886633, -99.74061300464882, -99.87236195853103, -99.94011730289448, -99.94116404864485, 149.7699253204761, -99.95769529369406, -99.9211341710394, -99.99260467076118, 149.92815352328037, 149.85855539586805, -99.73816764307578, -3.4100780487060547, -23.309898376464844, 149.93829853581707, -99.95016694033842, 149.76872338500368, -99.87479763485342, -99.90944259637631, -99.958829535012, -99.94938760599366, 149.75539110429608, -99.89622440463549, -99.82980070012536, -99.88235040653225, 149.82139284378593, -99.91469331535616, -99.16526365280151, -99.9479011662896, -99.93432478444011, -99.98876266324682, -99.99513235696337, 149.83061382802998, -99.87812084536372, -99.95136325344116, -99.93425727496188, -99.99608245540554, 149.8998886486509, 149.74941017488987, 149.8222739348188, 50.83010959625244, -99.89711749963385, -99.98152068140479, 149.99785383829223, 68.63998413085938, -99.92615445493037, 149.72435999287433, -99.99976465628833, 149.85981017956607, -99.86202369241703, 149.8539628635243, 149.96312187367258, 149.89997683162466, 149.69683957953228, -99.8828201001379, -99.8525098011667, 149.87446517410226, -99.99154618780074, 149.80442083776433, 86.02010440826416, -99.95758945360647, -99.97491021072142, 149.9260042595112, 149.8989443059559, -99.8731064095584, 149.84458314992742, -99.84739085904727, -99.8025832176139, -99.81346533516201, -99.88090621668132, 149.61318640960002, -99.95642496640059, -99.75878442223274, 45.87005567550659, 149.7579056579548, -99.83197103752218, 149.9889158706083, 149.73000554996509, 149.94605617516515, -99.95022310247866, 149.6791251128837, 149.77172043649801, 6.699833869934082, -99.71472219624843, 149.65273578084134, 149.5602272551283, -99.70778887020481, -99.97526134208806, -99.96324342373256, -99.76729365342884, 149.90451002128972, -99.70727177632664, -58.24171829223633, -99.9990284541391, -99.883337809604, 149.78455347537735, -99.8129248899808, 149.9653563348145, -99.91354532590744, 149.7095045629016, -99.92282950025471, -99.77148634087919, 149.89840203453053, 149.7488462347686, -99.70441905968707, -99.75694660492721, -99.66620393428843, -99.99140501296415, 149.8575642992682, -99.81360515570493, -99.95450412680005, 11.009902000427246, 149.78770651685878, 149.91503238923983, 149.79991362591056, -99.86324391085165, 149.74210991738875, 149.82128659330579, 149.86251473444605, -99.80361949836939, 149.98021121075772]","[ 1.49971171e+02  2.99931409e+02  2.00065437e+02  1.00146414e+02
  2.50090398e+02  1.50201807e+02  5.02254570e+01 -4.97452720e+01
  1.00014607e+02  1.82674185e-01 -9.97144788e+01  5.00817087e+01
  1.99968104e+02  1.00055929e+02  2.30556083e-01  1.49954033e+02
  5.02031936e+01 -4.95160159e+01 -1.49382460e+02 -2.49315474e+02
 -9.96256279e+01 -1.99447203e+02 -2.99299218e+02 -3.99232136e+02
 -4.99093742e+02 -3.49311422e+02 -4.49169848e+02 -5.49145294e+02
 -6.48928324e+02 -7.48874701e+02 -8.48726346e+02 -6.98768760e+02
 -7.98741724e+02 -6.48854169e+02 -7.48794069e+02 -8.48706280e+02
 -9.48493222e+02 -1.04834897e+03 -1.14818843e+03 -1.24793146e+03
 -1.09795240e+03 -1.19793337e+03 -1.04797179e+03 -1.05205189e+03
 -9.02277515e+02 -7.52390389e+02 -6.02467921e+02 -7.02256676e+02
 -5.52626925e+02 -6.52550717e+02 -5.02570030e+02 -5.48945080e+02
 -3.99322360e+02 -4.99237660e+02 -5.99066661e+02 -4.49322584e+02
 -5.49176929e+02 -3.99255700e+02 -2.49615955e+02 -3.49484721e+02
 -4.49452085e+02 -5.49451850e+02 -6.49394570e+02 -7.49099469e+02
 -8.07531350e+02 -9.07329854e+02 -7.57372299e+02 -8.57325251e+02
 -7.07437891e+02 -5.57722250e+02 -6.57544509e+02 -7.57307181e+02
 -6.07679476e+02 -7.07495025e+02 -6.20854936e+02 -7.20745055e+02
 -8.20719720e+02 -9.20700029e+02 -7.70740023e+02 -8.70687254e+02
 -9.70572800e+02 -8.20674529e+02 -6.70941619e+02 -7.70719348e+02
 -8.70593546e+02 -9.70510760e+02 -1.07049333e+03 -9.52053267e+02
 -1.05193730e+03 -1.15175000e+03 -1.25166683e+03 -1.35162575e+03
 -1.45161807e+03 -1.30165716e+03 -1.15189585e+03 -1.25176044e+03
 -1.10199585e+03 -9.52160420e+02 -1.05203646e+03 -9.02340437e+02
 -7.52463720e+02 -6.87663725e+02 -7.87495323e+02 -6.37916497e+02
 -7.37749645e+02 -8.37715611e+02 -6.87948843e+02 -7.87769138e+02
 -8.87645203e+02 -7.37859239e+02 -8.37721429e+02 -6.87915671e+02
 -7.46910563e+02 -5.96957977e+02 -4.47189634e+02 -2.97300228e+02
 -3.97112478e+02 -4.96918847e+02 -3.47137219e+02 -4.46916276e+02
 -5.46889967e+02 -6.46696167e+02 -7.46642946e+02 -5.97020424e+02
 -4.47262662e+02 -5.47102202e+02 -4.54967701e+02 -5.54707373e+02
 -4.04988602e+02 -2.54996863e+02 -3.54817928e+02 -2.04926285e+02
 -5.49331403e+01 -1.54925127e+02 -2.54751213e+02 -3.54710701e+02
 -4.54617748e+02 -3.49837656e+02 -2.00044252e+02 -2.99956914e+02
 -3.99760155e+02 -4.99723816e+02 -5.99547082e+02 -6.99365842e+02
 -5.49408687e+02 -3.99612529e+02 -4.99591280e+02 -3.49607683e+02
 -2.26107683e+02 -3.25886190e+02 -1.76082873e+02 -2.65029062e+01
 -1.26335093e+02 -2.26259201e+02 -7.63441401e+01 -1.76254625e+02
 -2.63144286e+01 -1.26076027e+02 -2.26069478e+02 -7.61202648e+01
 -1.76037258e+02 -2.75969039e+02 -1.26269382e+02 -2.26112402e+02
 -7.61504052e+01 -1.76023402e+02 -2.75828141e+02 -3.75823610e+02
 -4.75533333e+02 -3.25762041e+02 -2.72112058e+02 -3.72007828e+02
 -2.22268687e+02 -7.25442639e+01 -1.08844465e+02  4.09883235e+01
 -5.88362894e+01  9.07489850e+01 -9.10841047e+00  1.40617928e+02
  4.07115964e+01 -5.90779021e+01 -1.58951214e+02 -9.27103978e+00
 -4.80510028e+01  1.01716540e+02  1.76330746e+00 -9.81221003e+01
 -1.98090595e+02 -2.98038477e+02 -3.97958148e+02 -4.97758259e+02
 -3.48129486e+02 -4.48118394e+02 -5.47850061e+02 -3.98266191e+02
 -4.97995179e+02 -3.48319326e+02 -1.98866237e+02 -4.93783270e+01
  1.00513509e+02  2.50308636e+02  4.00057282e+02  5.49789942e+02
  6.99579927e+02  5.99769434e+02  7.49437909e+02  6.49493820e+02
  5.49513358e+02  4.49673675e+02  3.49880098e+02  4.99520130e+02
  3.99639037e+02  2.99898424e+02  2.00026062e+02  1.00085945e+02
  1.44780563e-01  1.49914706e+02  4.99570106e+01 -4.99641236e+01
 -1.49956728e+02 -2.85747289e-02  1.49829981e+02  5.00918130e+01
  4.66817350e+01  2.33718366e+01  1.73310135e+02  7.33599682e+01
  2.23128692e+02  1.23253894e+02  2.33444513e+01 -7.66143782e+01
 -1.76563766e+02 -2.68083747e+01 -1.26704599e+02 -2.26534400e+02
 -3.26416750e+02 -1.76595357e+02 -2.76510051e+02 -3.75675314e+02
 -4.75623215e+02 -5.75557540e+02 -6.75546303e+02 -7.75541435e+02
 -6.25710821e+02 -7.25588942e+02 -8.25540306e+02 -9.25474563e+02
 -1.02547065e+03 -8.75570757e+02 -7.25821346e+02 -5.75999073e+02
 -5.25168963e+02 -6.25066080e+02 -7.25047601e+02 -5.75049747e+02
 -5.06409763e+02 -6.06335918e+02 -4.56611558e+02 -5.56611322e+02
 -4.06751512e+02 -5.06613536e+02 -3.56759573e+02 -2.06796451e+02
 -5.68964742e+01  9.28003654e+01 -7.08245474e+00 -1.06934965e+02
  4.29395006e+01 -5.70520456e+01  9.27523753e+01  1.78772480e+02
  7.88148902e+01 -2.11600200e+01  1.28765984e+02  2.78664929e+02
  1.78791822e+02  3.28636405e+02  2.28789014e+02  1.28986431e+02
  2.91729659e+01 -7.07079403e+01  7.89052461e+01 -2.10511788e+01
 -1.20809963e+02 -7.49399076e+01  7.48179981e+01 -2.50139730e+01
  1.24974943e+02  2.74704948e+02  4.24651005e+02  3.24700782e+02
  4.74379907e+02  6.24151627e+02  6.30851461e+02  5.31136739e+02
  6.80789475e+02  8.30349702e+02  7.30641913e+02  6.30666652e+02
  5.30703408e+02  4.30936114e+02  5.80840625e+02  4.81133353e+02
  4.22891634e+02  3.22892606e+02  2.23009268e+02  3.72793822e+02
  2.72980897e+02  4.22946253e+02  3.23032708e+02  4.72742212e+02
  3.72819383e+02  2.73047896e+02  4.22946299e+02  5.72695145e+02
  4.72990726e+02  3.73233779e+02  2.73567575e+02  1.73576170e+02
  3.23433734e+02  2.23620129e+02  1.23665625e+02  1.34675527e+02
  2.84463234e+02  4.34378266e+02  5.84178180e+02  4.84314936e+02
  6.34057046e+02  7.83878332e+02  9.33740847e+02  8.33937228e+02
  9.83917439e+02]",983.9174387455145,9.839174387455145,0.4174174174174174,1.052322771488341,-17.00544796020682,0.3914651042620416,0.5952235861348226
BCRX,7,Rule 7,"[('EMA_50', 1.381, '>'), ('VWAP_20', 15.089, '<='), ('SMA_10', 4.092, '>'), ('SMA_10', 9.943, '>')]",2.151635834831926,20,"[-99.6676187605937, -99.81093063125766, -99.91442192314845, -12.823944091796875, -99.66466102465029, 149.63636852842168, -99.76944599513774, 149.97901155296063, -99.71964361671415, 149.64017569365848, -99.78219063558811, 27.27004623413086, -99.95178774237195, -99.8921951763059, -99.79749997959549, -99.96230592432354, -99.80750377625615, -99.77341288492818, 63.75002861022949, 149.5662352088458]","[ -99.66761876 -199.47854939 -299.39297131 -312.21691541 -411.88157643
 -262.2452079  -362.0146539  -212.03564235 -311.75528596 -162.11511027
 -261.8973009  -234.62725467 -334.57904241 -434.47123759 -534.26873757
 -634.23104349 -734.03854727 -833.81196015 -770.06193154 -620.49569633]",-620.4956963344213,-6.2049569633442125,0.3,0.5264611850779017,-7.415350446052363,-4.742909420081863,-0.8062786179460659
BEEM,0,Rule 0,"[('EMA_50', 1.381, '<='), ('ATR_50', 0.044, '<='), ('EMA_20', 1.291, '<='), ('ATR_50', 0.032, '>')]",2.4573179679490296,4,"[149.9758754970695, -99.93596632958007, 149.87719663712295, -99.94193170742007]",[149.9758755   50.03990917 199.9171058   99.9751741 ],99.97517409719232,0.9997517409719232,0.5,1.5001812360398423,-0.9845931414559728,2.7503425583004693,-0.00024999897070883805
BEEM,1,Rule 1,"[('EMA_50', 1.381, '<='), ('ATR_50', 0.044, '<='), ('EMA_20', 1.291, '>'), ('SMA_10', 1.281, '<=')]",2.4573179679490296,1,[-99.92503894116354],[-99.92503894],-99.92503894116354,-0.9992503894116354,0.0,0.0,0.0,0.0,0.0
BEEM,4,Rule 4,"[('EMA_50', 1.381, '>'), ('VWAP_20', 15.089, '<='), ('SMA_10', 4.092, '<='), ('ATR_50', 0.14, '<=')]",2.4573179679490296,168,"[-45.176384925842285, -99.96506873161795, -99.82827334600219, -99.93807638818517, -99.8068558744474, -99.78326666386678, -99.98188044272392, 149.87659379420325, 149.6886725811043, -99.82100106737715, -99.86912729772493, 149.73834329434453, 149.8167364434664, -99.86093755799287, 149.88650081340182, -99.85281153750992, -99.80098554819824, -99.73368724093014, 25.139976024627686, -99.95174280793974, -99.84501796324645, 118.32005310058594, -99.99191109226453, -99.91318136653783, -99.8763465316569, 149.94828645649596, -99.91038934323491, -99.99268281228609, 68.86877250671387, 149.90554185458, -99.9906322429474, -99.95650448018178, -99.9726475141273, 149.93485163125442, -99.95517289668258, -99.88860313079802, -99.95181381541524, -99.97113791395012, -99.9906327819478, 149.9524717759421, -99.91928672049993, -99.83218969534192, -5.749994516372681, 149.979664694987, -99.94547889405113, -28.87984836101532, 149.92469559376121, 149.96828249548912, 149.9423108435028, 149.89627743545708, 149.90817426339026, -99.92942311962204, -99.9330751301598, 149.89791596810196, -99.93217181781938, -99.90910725991382, -99.96232628465597, -21.959558725357056, -99.93539205955308, 149.92856676664545, 149.95449398623114, 149.95110993517335, -99.91609630542123, -99.96272315316897, 149.9684140350794, 149.91870082281054, 149.94557618552892, 149.9471179265486, 149.87660985876576, -99.93448821992943, 149.89897884806595, -99.9141571217358, -99.93060538236836, -99.70766586027662, 86.28118801116943, -99.99239545464191, 41.75996017456055, 149.951079563659, -99.84816101657347, 149.9764899226442, 149.99983774296103, -99.91566469480188, -99.99033694090228, -99.84903234625654, -99.88681605660778, 149.8603451922958, 149.82721452798168, 149.92941971757838, 149.93878727330167, -99.85676803653843, -92.45496559143066, 149.94623757446357, 149.92187471634801, 149.80819471874167, -99.92365227414261, 149.67830682549365, -99.67304814593152, -99.75980704778718, -44.36246156692505, -99.9306766007571, -99.90845052278898, -99.94677048018792, 149.95927813245606, -99.87759531411264, -99.98429957132505, -99.87807883283675, -99.9502442689931, -37.309964418411255, 149.8749888143481, -99.9738358406308, 149.98909831929944, -99.95621398227277, -99.9815988559018, -99.919864201096, 149.9806454769517, -99.9356207950193, -99.92863924865114, -99.97726955005183, 149.90115900604718, 149.94856399202544, -99.97503225800293, 149.96521851414127, 149.8915269474783, -99.94140849012712, -99.92025225812031, -99.98698732729811, 149.95029704897797, -40.72002184391022, -99.94101111776561, -99.95989385094153, -99.99938483995402, -4.2649959325790405, 149.95940842414274, -99.91255413383927, 149.9414704506988, -99.94693956234434, -99.99905290930042, 149.95859677706306, -99.99832823466038, -99.94106928296505, -99.9691377646056, 15.679985046386719, -99.94164079940202, 149.9854613304749, 149.92085505603313, -99.97695436942897, 149.9567562070594, -99.96634630373784, 9.648579001426697, 149.9748853909797, 149.91376924819383, -99.98428861555114, 149.94551559189742, -99.93931842141532, -99.99043082075244, 149.84808148068967, -99.89824390125779, -99.94198067445609, -99.99794330032472, 149.858467853075, -99.96367928171313, -99.99385439461773, 71.28003823757172, 149.99747342252257, -99.94135674606578, -99.98225490755837, -99.93070846038162, -99.92503894116354]","[  -45.17638493  -145.14145366  -244.969727    -344.90780339
  -444.71465927  -544.49792593  -644.47980637  -494.60321258
  -344.91454     -444.73554106  -544.60466836  -394.86632507
  -245.04958862  -344.91052618  -195.02402537  -294.87683691
  -394.67782245  -494.4115097   -469.27153367  -569.22327648
  -669.06829444  -550.74824134  -650.74015243  -750.6533338
  -850.52968033  -700.58139388  -800.49178322  -900.48446603
  -831.61569352  -681.71015167  -781.70078391  -881.65728839
  -981.62993591  -831.69508428  -931.65025717 -1031.5388603
 -1131.49067412 -1231.46181203 -1331.45244481 -1181.49997304
 -1281.41925976 -1381.25144945 -1387.00144397 -1237.02177928
 -1336.96725817 -1365.84710653 -1215.92241094 -1065.95412844
  -916.0118176   -766.11554016  -616.2073659   -716.13678902
  -816.06986415  -666.17194818  -766.10412     -866.01322726
  -965.97555354  -987.93511227 -1087.87050433  -937.94193756
  -787.98744358  -638.03633364  -737.95242995  -837.9151531
  -687.94673906  -538.02803824  -388.08246206  -238.13534413
   -88.25873427  -188.19322249   -38.29424364  -138.20840076
  -238.13900615  -337.84667201  -251.565484    -351.55787945
  -309.79791928  -159.84683971  -259.69500073  -109.71851081
    40.28132694   -59.63433776  -159.6246747   -259.47370704
  -359.3605231   -209.50017791   -59.67296338    90.25645634
   240.19524361   140.33847557    47.88350998   197.82974756
   347.75162227   497.55981699   397.63616472   547.31447154
   447.6414234    347.88161635   303.51915478   203.58847818
   103.68002766     3.73325718   153.69253531    53.81494
   -46.16935957  -146.04743841  -245.99768268  -283.30764709
  -133.43265828  -233.40649412   -83.4173958   -183.37360978
  -283.35520864  -383.27507284  -233.29442736  -333.23004816
  -433.15868741  -533.13595696  -383.23479795  -233.28623396
  -333.26126622  -183.2960477    -33.40452076  -133.34592925
  -233.2661815   -333.25316883  -183.30287178  -224.02289363
  -323.96390474  -423.9237986   -523.92318344  -528.18817937
  -378.22877094  -478.14132508  -328.19985463  -428.14679419
  -528.1458471   -378.18725032  -478.18557856  -578.12664784
  -678.0957856   -662.41580056  -762.35744136  -612.37198003
  -462.45112497  -562.42807934  -412.47132313  -512.43766944
  -502.78909043  -352.81420504  -202.9004358   -302.88472441
  -152.93920882  -252.87852724  -352.86895806  -203.02087658
  -302.91912048  -402.86110116  -502.85904446  -353.0005766
  -452.96425589  -552.95811028  -481.67807204  -331.68059862
  -431.62195537  -531.60421027  -631.53491873  -731.45995768]",-731.4599576753163,-7.314599576753163,0.3869047619047619,0.9246977445030955,-13.479144492459119,-0.5931661403691615,0.32392629739905837
BEEM,5,Rule 5,"[('EMA_50', 1.381, '>'), ('VWAP_20', 15.089, '<='), ('SMA_10', 4.092, '<='), ('ATR_50', 0.14, '>')]",2.4573179679490296,5,"[-99.7625374844087, -99.7641116064775, -99.84439717512073, -99.98808231295236, -99.63999097904136]",[ -99.76253748 -199.52664909 -299.37104627 -399.35912858 -498.99911956],-498.99911955800064,-4.989991195580006,0.0,0.0,-4.032596021915504,-12367.30428232675,-0.9999998819268336
BEEM,6,Rule 6,"[('EMA_50', 1.381, '>'), ('VWAP_20', 15.089, '<='), ('SMA_10', 4.092, '>'), ('SMA_10', 9.943, '<=')]",2.4573179679490296,139,"[-66.22003936767578, 149.64516559793876, -99.8299772441921, -99.91774869389766, 149.93546134643228, -99.85243726015425, -99.76796477556852, -99.70283725821646, 26.79997444152832, -99.73086995490172, -99.91359909203199, 149.6981656829654, 149.6978073764327, -99.8356465935077, -99.84073311909027, -99.97140522311406, -99.84579271807604, -99.85401777406727, -99.78147299863619, -99.7167349678316, -99.70779294725297, 149.81112268737937, 149.54848744391336, 13.599987030029297, 149.76666357130483, 149.62182255832332, -99.77505933630951, -99.93101771785615, -99.6658579477297, -99.84618136097063, 149.63278955742786, -99.70429787963995, -99.83421990568948, -99.7204037342589, 48.62699031829834, 149.84755247499874, 149.70240743050522, 149.9967631895847, -99.85044968358525, 149.67564088147003, -99.66548240489401, 149.99877164656948, 149.9923354868247, -99.96337772257394, -99.94407357877994, -62.79005527496338, -99.90729629979302, 149.87766850288787, 149.93957521021218, 149.9608586463694, -99.82933402895272, -99.79877648923711, 149.90185213743246, 149.5011836347995, -99.98608900657248, 149.83694033750956, 149.5286098503108, -99.74537038440394, -99.91038271118353, -99.7903927795798, 107.62995195388794, -99.9439178779001, 26.399974822998047, -99.95188407297654, -99.97284372207677, -44.66074848175049, -99.89494310822234, -99.88812252384905, -99.9390758242588, -99.8715131020258, -99.87086412182336, 149.59732413568855, 149.9488921291691, -99.73075142163106, -99.67521544406067, 149.43070952405694, -28.35616683959961, -99.69712003158321, 45.63004016876221, 149.9137943644519, -99.94070391083694, 149.7634700276789, -69.38999509811401, -99.82420616436448, 33.54989528656006, -99.98739498168284, -99.93028078681056, -99.92955243290561, -99.98086374691233, -99.98973014335799, -99.92483908324219, -99.99290424780881, 149.84002986572966, -99.79416062838519, 149.8849759454458, 149.7054431055315, 149.5424184842119, 149.90397265968036, 149.49494713963875, 149.77722656599676, -99.53915642705542, -99.43248435755481, -32.120038986206055, 17.75998306274414, -99.8687893443252, -99.96524683617649, -99.89803931536355, 149.9674776679391, -99.68109765175856, 87.86998844146729, -99.81389212938024, -99.81083505837226, -99.87314995322302, -99.86640168867464, -99.89346755882457, 149.97329722267142, -99.99581168755282, 149.92276577228245, 149.90236782043368, -55.12075424194336, -99.93525004460224, -8.491212844848633, -99.93180062799996, 149.97528624048095, -99.94580168512877, -99.97762147059865, 84.96998882293701, 149.75545932989758, -99.94590083781145, 149.82027161389848, -99.97391980169765, -99.9834957573306, -99.98190631475462, -99.9737693970849, -99.87139351418857, 149.78990104881726, -99.90480857750208, -99.90445403225667, -99.82144650453456]","[  -66.22003937    83.42512623   -16.40485101  -116.32259971
    33.61286164   -66.23957562  -166.0075404   -265.71037766
  -238.91040321  -338.64127317  -438.55487226  -288.85670658
  -139.1588992   -238.99454579  -338.83527891  -438.80668414
  -538.65247686  -638.50649463  -738.28796763  -838.0047026
  -937.71249554  -787.90137286  -638.35288541  -624.75289838
  -474.98623481  -325.36441225  -425.13947159  -525.07048931
  -624.73634725  -724.58252861  -574.94973906  -674.65403694
  -774.48825684  -874.20866058  -825.58167026  -675.73411778
  -526.03171035  -376.03494716  -475.88539685  -326.20975597
  -425.87523837  -275.87646672  -125.88413124  -225.84750896
  -325.79158254  -388.58163781  -488.48893411  -338.61126561
  -188.6716904    -38.71083175  -138.54016578  -238.33894227
   -88.43709013    61.0640935    -38.92199551   110.91494483
   260.44355468   160.6981843     60.78780159   -39.00259119
    68.62736076   -31.31655712    -4.91658229  -104.86846637
  -204.84131009  -249.50205857  -349.39700168  -449.2851242
  -549.22420003  -649.09571313  -748.96657725  -599.36925312
  -449.42036099  -549.15111241  -648.82632785  -499.39561833
  -527.75178517  -627.4489052   -581.81886503  -431.90507067
  -531.84577458  -382.08230455  -451.47229965  -551.29650581
  -517.74661053  -617.73400551  -717.66428629  -817.59383873
  -917.57470247 -1017.56443262 -1117.4892717  -1217.48217595
 -1067.64214608 -1167.43630671 -1017.55133077  -867.84588766
  -718.30346918  -568.39949652  -418.90454938  -269.12732281
  -368.66647924  -468.0989636   -500.21900258  -482.45901952
  -582.32780886  -682.2930557   -782.19109501  -632.22361735
  -731.904715    -644.03472656  -743.84861869  -843.65945374
  -943.5326037  -1043.39900539 -1143.29247295  -993.31917572
 -1093.31498741  -943.39222164  -793.48985382  -848.61060806
  -948.5458581   -957.03707095 -1056.96887158  -906.99358534
 -1006.93938702 -1106.91700849 -1021.94701967  -872.19156034
  -972.13746118  -822.31718956  -922.29110936 -1022.27460512
 -1122.25651144 -1222.23028083 -1322.10167435 -1172.3117733
 -1272.21658188 -1372.12103591 -1471.94248241]",-1471.9424824136108,-14.719424824136107,0.37410071942446044,0.8217082237488657,-16.884124237539623,-1.4849320819661294,-0.6518101489145014
CRBP,5,Rule 5,"[('EMA_50', 1.381, '>'), ('VWAP_20', 15.089, '<='), ('SMA_10', 4.092, '<='), ('ATR_50', 0.14, '>')]",2.2205378746115767,5,"[-99.79037505035815, -99.82665951416588, 149.4930003543709, 149.7344010208693, -99.58740754676566]","[-9.97903751e+01 -1.99617035e+02 -5.01240342e+01  9.96103668e+01
  2.29592640e-02]",0.02295926395052561,0.0002295926395052561,0.4,1.0000767343686092,-1.0083287455105225,0.0005337287931853698,0.7072571875635354
CRBP,6,Rule 6,"[('EMA_50', 1.381, '>'), ('VWAP_20', 15.089, '<='), ('SMA_10', 4.092, '>'), ('SMA_10', 9.943, '<=')]",2.2205378746115767,149,"[-99.77481987523016, 149.8286027198675, -99.70954462642096, 25.96998691558838, -99.74312669985365, -3.302021026611328, -27.017955780029297, -99.95786819419008, 149.7010150648499, -99.73233280911121, -99.91744102797456, -99.95324078889803, -99.67186924523193, -99.5483918816836, -99.858328029276, 149.69411277380198, 149.64848980909454, -99.67557010639511, -99.94573496191747, 149.31454657975974, 149.25579191199165, -99.65850670555943, 149.77942521440133, 149.6357022168108, -99.92345209762823, -99.87123931466108, -99.96295941155202, 149.75851479082337, 149.4503988970158, -99.87858466461358, 149.29767952928097, -99.5498457573923, 149.8579592158792, 149.08341201183055, -99.4250721786622, 149.64732409532286, 149.46757241668834, -99.88915353174816, -99.66160218841706, -99.68100552982915, -99.81854770534366, 17.50004291534424, -99.81837591995819, 149.71797829989737, -99.714988372298, -99.92775441940779, -99.98692495519846, -99.7765229901026, -99.8125866762306, -99.85539141401736, 149.9820106585715, 149.58397817088894, -99.93148998918133, 149.8906723246289, 108.00000429153442, 149.9778989270868, 149.78841450093967, 149.55220174990686, -99.92462257615712, -99.66032739346669, -99.92023753819001, 149.5425869460218, -99.88088947304577, -99.56345221028835, 149.93296990164185, 149.99226524231065, -99.9594000319176, -99.90572933908022, 149.69031164096717, 149.8942925237441, 149.97228626526731, -99.95479007622575, -99.65608140170758, -99.9484471041627, -99.75438459325656, -99.92317720289353, 149.81449020738592, -99.92509208475957, -99.90815707825237, -99.92003627483908, 149.41315494872362, 149.86600917815107, 149.65580711050876, -99.67676294751858, 149.50911150785888, -99.79467652506945, 149.63977799026028, 149.5376943343351, 149.6121465270042, -99.57329518252112, -42.55009174346924, -99.62236926098738, 149.64319406716993, -99.96723723189022, 149.84787311396087, -99.62481123090151, -7.174968719482422, -99.76990253974712, 149.86828711335144, -99.89083801112491, 149.81996828069242, -99.82832219213049, -99.55399562811277, -99.84306371611437, 3.6749839782714844, -99.97525837267389, 149.90002198564923, -99.96593075659786, 149.5820103260973, -99.68377398091769, 149.93620307539874, -99.9259059900242, 149.87150421399377, -99.75782017390631, -99.91889171659004, -99.74717773891805, -99.67448058638797, -99.68226649639462, 149.44694492440254, -99.97950790094183, -30.503997802734375, 149.9926061130525, 149.46020686416446, -99.90578888795896, -99.69518142417188, 149.35494111268133, 149.91764453605578, 149.98771591550934, -99.517036464074, -99.55155158288213, -99.51014584138757, 149.5128461246811, -99.79967354847261, 149.35824734605134, 149.28124524583092, -99.53221094567692, 149.31185417419854, -99.6829424566393, 46.81006336212158, 149.93840102620595, 149.50622444607674, 149.69388733724844, -60.3329963684082, 149.40250514424386, -99.68954196323938, 73.91998291015625, 45.900020599365234, 149.59647860712866, 149.4987409181605]","[ -99.77481988   50.05378284  -49.65576178  -23.68577487 -123.42890157
 -126.73092259 -153.74887837 -253.70674657 -104.0057315  -203.73806431
 -303.65550534 -403.60874613 -503.28061537 -602.82900725 -702.68733528
 -552.99322251 -403.3447327  -503.02030281 -602.96603777 -453.65149119
 -304.39569928 -404.05420598 -254.27478077 -104.63907855 -204.56253065
 -304.43376996 -404.39672938 -254.63821459 -105.18781569 -205.06640035
  -55.76872082 -155.31856658   -5.46060737  143.62280465   44.19773247
  193.84505656  343.31262898  243.42347545  143.76187326   44.08086773
  -55.73767998  -38.23763706 -138.05601298   11.66196532  -88.05302305
 -187.98077747 -287.96770243 -387.74422542 -487.55681209 -587.41220351
 -437.43019285 -287.84621468 -387.77770467 -237.88703234 -129.88702805
   20.09087088  169.87928538  319.43148713  219.50686455  119.84653716
   19.92629962  169.46888657   69.58799709  -29.97545512  119.95751478
  269.94978003  169.99037999   70.08465066  219.7749623   369.66925482
  519.64154108  419.68675101  320.03066961  220.0822225   120.32783791
   20.40466071  170.21915091   70.29405883  -29.61409825 -129.53413452
   19.87902043  169.7450296   319.40083671  219.72407377  369.23318527
  269.43850875  419.07828674  568.61598107  718.2281276   618.65483242
  576.10474067  476.48237141  626.12556548  526.15832825  676.00620136
  576.38139013  569.20642141  469.43651887  619.30480599  519.41396797
  669.23393626  569.40561406  469.85161844  370.00855472  373.6835387
  273.70828032  423.60830231  323.64237155  473.22438188  373.5406079
  523.47681097  423.55090498  573.4224092   473.66458902  373.74569731
  273.99851957  174.32403898   74.64177249  224.08871741  124.10920951
   93.60521171  243.59781782  393.05802468  293.1522358   193.45705437
  342.81199548  492.72964002  642.71735594  543.20031947  443.64876789
  344.13862205  493.65146817  393.85179462  543.21004197  692.49128722
  592.95907627  742.27093044  642.58798799  689.39805135  839.33645238
  988.84267682 1138.53656416 1078.20356779 1227.60607294 1127.91653097
 1201.83651388 1247.73653448 1397.33301309 1546.83175401]",1546.831754006972,15.46831754006972,0.44966442953020136,1.1994712670704715,-8.998324481458523,1.378836490385185,0.8219148387221401
CRBP,7,Rule 7,"[('EMA_50', 1.381, '>'), ('VWAP_20', 15.089, '<='), ('SMA_10', 4.092, '>'), ('SMA_10', 9.943, '>')]",2.2205378746115767,65,"[-99.86879238939919, -99.58558580002344, -99.5745685798093, 149.0634779188015, -99.7735482356083, -99.55710356286961, 149.48547354657526, 149.16234930237164, -99.87986543139304, -99.75155157441122, -99.68573782331302, -99.56648170655065, -99.96259178405037, -99.92053536729043, -99.88006101938853, -99.92392702746582, -99.43207823553693, -99.85918905269665, -99.53572623542337, -99.72114081759676, 149.7252053250421, -99.94312667020627, -99.58678969538431, 71.70990753173828, 149.73961681016567, 149.94791237132608, -99.66209153958661, -99.98602337839837, 149.74635608298144, -99.77031717952116, 149.87359619659696, 149.37953412193093, 149.18894674974925, -99.62111687098512, 149.41204469672775, 149.57174678461476, -99.76112005426654, -99.2317771113423, -99.90723792479193, 67.67000770568848, 149.76001117875603, -99.70644376468178, -99.88053325978522, -99.71571958255146, -99.70763567403075, -23.5, 149.85381622758624, -99.68549865367028, -99.59992644908782, -99.45621719517486, -99.9460390593207, -23.399940490722656, 149.21202030964076, -99.99047294176883, -99.67599226389777, -99.48824523769926, 149.77034060095053, 149.3539421654175, -99.82580453669283, -99.82442055468034, -99.85478705219322, -99.79989848737372, 149.11157083843133, -99.54005005155261, -99.58883413629734]","[  -99.86879239  -199.45437819  -299.02894677  -149.96546885
  -249.73901709  -349.29612065  -199.8106471    -50.6482978
  -150.52816323  -250.27971481  -349.96545263  -449.53193434
  -549.49452612  -649.41506149  -749.29512251  -849.21904953
  -948.65112777 -1048.51031682 -1148.04604306 -1247.76718388
 -1098.04197855 -1197.98510522 -1297.57189492 -1225.86198738
 -1076.12237057  -926.1744582  -1025.83654974 -1125.82257312
  -976.07621704 -1075.84653422  -925.97293802  -776.5934039
  -627.40445715  -727.02557402  -577.61352932  -428.04178254
  -527.80290259  -627.0346797   -726.94191763  -659.27190992
  -509.51189874  -609.21834251  -709.09887577  -808.81459535
  -908.52223103  -932.02223103  -782.1684148   -881.85391345
  -981.4538399  -1080.9100571  -1180.85609615 -1204.25603665
 -1055.04401634 -1155.03448928 -1254.71048154 -1354.19872678
 -1204.42838618 -1055.07444401 -1154.90024855 -1254.7246691
 -1354.57945616 -1454.37935464 -1305.26778381 -1404.80783386
 -1504.39666799]",-1504.396667993398,-15.043966679933982,0.3076923076923077,0.652975783665945,-14.61148840353063,-3.2738114049514704,-0.7061681779592358
CRBP,8,Rule 8,"[('EMA_50', 1.381, '>'), ('VWAP_20', 15.089, '>'), ('EMA_50', 18.098, '>'), ('SMA_10', 18.149, '<=')]",2.2205378746115767,3,"[-99.61880246950798, -99.74713072664542, -99.2604606965543]",[ -99.61880247 -199.3659332  -298.62639389],-298.6263938927077,-2.986263938927077,0.0,0.0,-2.010100292631558,-6264.807162760936,-0.9999990032688792
CRBP,9,Rule 9,"[('EMA_50', 1.381, '>'), ('VWAP_20', 15.089, '>'), ('EMA_50', 18.098, '>'), ('SMA_10', 18.149, '>')]",2.2205378746115767,87,"[-67.5, 5.075033187866211, 148.4700981616252, -99.15974516129367, 148.1554381594636, -98.20666154585837, 149.07002926958685, 146.55691441259054, -98.94844100527324, 148.370450440255, 149.38175354591112, 145.86196044734666, -99.52173695015549, 148.44255888054215, -99.95049734749131, -98.17275460068026, -98.87278936435007, 148.48743476305972, -99.03349543955528, 149.4160409940241, -99.77743034814146, 145.87560366299286, -99.31750259287512, -97.37224520788224, 147.6547432248961, -98.90172554523218, -99.06600218136941, -99.9124218113906, 147.267731080991, 147.21073822990567, -98.2283768110737, 149.92496358454784, 149.5596080887536, 148.79900644008848, -98.62379153047218, -98.59590283384901, -99.08659813096142, 146.89122427412192, -99.41000444880092, 146.60855142227786, -98.55548193593663, -98.56308640398302, 146.45858201837333, 144.90925597953748, -98.1865843406948, -98.84852289980515, -99.0799452590791, 66.64002990722656, 146.24706973775125, 148.01252110469866, 147.13939520024172, 148.9153252215845, -99.30454448580775, -98.96900154742382, 147.097727841803, -97.75954687962181, 148.762208790736, -98.06245940426729, -99.9358547610471, 147.14245582625205, -97.8220601574124, 149.17748395060306, -98.60799489861785, 147.33451290372534, -99.00813896793903, 148.29660966125064, -99.77155525407454, -97.51433425370084, 149.15270162166073, -98.58343060497259, -99.77332850617523, 148.0633556021858, -99.45522754448209, -98.84343710367816, 148.54180407521022, -57.99787521362305, -98.21995238122668, -99.55442191507154, -98.33020065007383, 14.70001220703125, -26.72999382019043, -99.99491234032357, 17.75994873046875, -99.94574360201081, -99.95396685321342, -99.9134207586545, -99.48108116029333]","[ -67.5         -62.42496681   86.04513135  -13.11461381  135.04082435
   36.8341628   185.90419207  332.46110648  233.51266548  381.88311592
  531.26486946  677.12682991  577.60509296  726.04765184  626.0971545
  527.92439989  429.05161053  577.53904529  478.50554985  627.92159085
  528.1441605   674.01976416  574.70226157  477.33001636  624.98475959
  526.08303404  427.01703186  327.10461005  474.37234113  621.58307936
  523.35470255  673.27966613  822.83927422  971.63828066  873.01448913
  774.4185863   675.33198817  822.22321244  722.81320799  869.42175941
  770.86627748  672.30319107  818.76177309  963.67102907  865.48444473
  766.63592183  667.55597657  734.19600648  880.44307622 1028.45559732
 1175.59499252 1324.51031774 1225.20577326 1126.23677171 1273.33449955
 1175.57495267 1324.33716146 1226.27470206 1126.3388473  1273.48130312
 1175.65924297 1324.83672692 1226.22873202 1373.56324492 1274.55510596
 1422.85171562 1323.08016036 1225.56582611 1374.71852773 1276.13509713
 1176.36176862 1324.42512422 1224.96989668 1126.12645957 1274.66826365
 1216.67038843 1118.45043605 1018.89601414  920.56581349  935.2658257
  908.53583188  808.54091953  826.30086827  726.35512466  626.40115781
  526.48773705  427.00665589]",427.0066558910803,4.270066558910803,0.4367816091954023,1.0907670387084025,-8.718007416342273,0.6581028029249647,0.73576307686075
CRSR,6,Rule 6,"[('EMA_50', 1.381, '>'), ('VWAP_20', 15.089, '<='), ('SMA_10', 4.092, '>'), ('SMA_10', 9.943, '<=')]",2.6713450888325374,189,"[-99.62395415956075, -9.889140129089355, -99.90806437741064, -99.9659714001636, 149.515508777716, -99.83923220502044, 105.60000419616699, 103.79035949707031, -99.92848978233127, 149.90399569782164, -99.79493985152317, -99.75305864213593, -99.94695147693609, -99.95953791210007, 149.88109074591375, 149.65636719294832, -3.989901065826416, 149.83233833373683, 149.89452514747487, -99.99483614065478, -99.91245393144875, 149.68710920391817, -99.7956056904826, -99.87020877289623, -99.97610567496706, 149.93265440171288, -99.99564719242642, 149.77956069882535, 149.76127733574472, -99.84121591394259, -99.92948446462078, 149.7263235035766, -99.77669026952832, 107.04000425338745, 149.59293059367587, -99.79985201883068, 149.59375188677208, -99.85803130286915, 149.88481736524918, -99.88236239745103, -99.6514586636141, -99.87312059549764, -99.74112765175086, -99.87240821201071, 149.62662355827857, 149.66597558082532, 149.78864077956223, -99.92237846290385, 149.5980546570475, 149.61751848565245, 149.54106332845714, 149.65850117165587, -99.99886154172057, -99.63070864436763, 149.8889267349865, -99.9892566058324, 149.57759436283825, -99.55051519986037, 149.83521641346618, -99.90801345102238, 149.8256752438358, -99.82147344233157, -99.84552751162879, -99.75954726011636, -99.77201479910524, -99.6504873427541, 149.29473126828827, -99.55127499405687, -54.179978370666504, 149.74055523811967, 149.4695222492639, -99.7110180807935, -99.89176416278137, 149.96271563208916, 149.43456127109704, 149.47738128131743, 149.67062693827884, -99.60271062055949, -99.75441355410415, 149.8634656554404, 149.59716178932024, -99.82842602798596, -99.81328191115168, 149.91151298298468, 149.63786815062736, -99.87536237561135, -4.425101280212402, 149.56090933425583, -99.86520593674686, 149.5966319918383, -99.81387086374806, -99.9962127581171, -99.87087056118204, 149.62278183868239, -99.95014004458707, -99.84495048176841, -99.91572516849872, 149.69690732379902, -99.86293032459528, 149.59903694529658, -99.7360972761191, -38.55996322631836, -99.92902895495651, 149.60427202004175, -53.55002403259277, 149.92999551690218, 24.00989532470703, -99.82624406536047, -99.80172113701045, 149.92530147452499, -99.80601087634724, -99.73715615775725, -99.89926583119836, -99.83731325591752, 149.66060289783294, 94.61990976333618, 149.65463572122903, -99.79300332402744, -99.79977518341964, -99.79197817252278, -99.81732300539144, -99.95355157759519, 149.45679793835603, -99.83439096270789, -99.93471666058602, -99.77118670393502, 149.8251361985905, 149.99972804694363, -99.79508526814345, 149.7743791999649, -34.69996690750122, -99.9658367853388, 1.8258895874023438, -99.82809369445275, -99.98706098810766, -99.92500864907686, 149.89348572944854, -99.82587777241038, -99.7747906566575, -99.87476659546527, -99.83805300055536, 149.85603068301336, -99.98286617209422, -99.87892467518472, 149.9820451006285, 149.68309850246527, -99.93819040582008, -99.97407254273685, 149.70659569336422, -99.57884527696658, -99.96736788885279, -99.61341425696766, -99.97590359987443, -99.64587986759372, 46.78440856933594, 149.96180644702739, -99.82079715824042, -99.95192891358137, -29.610005378723145, 149.9070982842021, -99.86706812547354, 149.77418094626188, -99.9380058581687, 149.63346617707225, -99.85726819680147, 149.68386239828652, 149.7093958549558, 149.96653381192388, -99.9430116750019, -99.98160618344863, 149.9627557566821, 45.89995622634888, 149.69740570945675, 149.83120613236625, 149.6721350497642, -99.66429203698678, -99.99048681311346, 149.61894737972727, 149.5631258167691, 149.6015750359752, 149.84640311175946, 149.72620997008545, 149.05024065943735, -66.5, 149.26901323849165, -99.44754576261329, 149.22850314376507, -99.52371380605493, -99.60851737521939]","[-9.96239542e+01 -1.09513094e+02 -2.09421159e+02 -3.09387130e+02
 -1.59871621e+02 -2.59710853e+02 -1.54110849e+02 -5.03204898e+01
 -1.50248980e+02 -3.44983885e-01 -1.00139924e+02 -1.99892982e+02
 -2.99839934e+02 -3.99799472e+02 -2.49918381e+02 -1.00262014e+02
 -1.04251915e+02  4.55804234e+01  1.95474949e+02  9.54801124e+01
 -4.43234149e+00  1.45254768e+02  4.54591620e+01 -5.44110467e+01
 -1.54387152e+02 -4.45449802e+00 -1.04450145e+02  4.53294155e+01
  1.95090693e+02  9.52494769e+01 -4.68000755e+00  1.45046316e+02
  4.52696257e+01  1.52309630e+02  3.01902561e+02  2.02102709e+02
  3.51696460e+02  2.51838429e+02  4.01723246e+02  3.01840884e+02
  2.02189425e+02  1.02316305e+02  2.57517715e+00 -9.72972311e+01
  5.23293925e+01  2.01995368e+02  3.51784009e+02  2.51861630e+02
  4.01459685e+02  5.51077204e+02  7.00618267e+02  8.50276768e+02
  7.50277906e+02  6.50647198e+02  8.00536125e+02  7.00546868e+02
  8.50124462e+02  7.50573947e+02  9.00409164e+02  8.00501150e+02
  9.50326825e+02  8.50505352e+02  7.50659824e+02  6.50900277e+02
  5.51128262e+02  4.51477775e+02  6.00772506e+02  5.01221231e+02
  4.47041253e+02  5.96781808e+02  7.46251330e+02  6.46540312e+02
  5.46648548e+02  6.96611264e+02  8.46045825e+02  9.95523206e+02
  1.14519383e+03  1.04559112e+03  9.45836709e+02  1.09570017e+03
  1.24529734e+03  1.14546891e+03  1.04565563e+03  1.19556714e+03
  1.34520501e+03  1.24532965e+03  1.24090455e+03  1.39046546e+03
  1.29060025e+03  1.44019688e+03  1.34038301e+03  1.24038680e+03
  1.14051593e+03  1.29013871e+03  1.19018857e+03  1.09034362e+03
  9.90427893e+02  1.14012480e+03  1.04026187e+03  1.18986091e+03
  1.09012481e+03  1.05156485e+03  9.51635818e+02  1.10124009e+03
  1.04769007e+03  1.19762006e+03  1.22162996e+03  1.12180371e+03
  1.02200199e+03  1.17192729e+03  1.07212128e+03  9.72384126e+02
  8.72484860e+02  7.72647547e+02  9.22308150e+02  1.01692806e+03
  1.16658270e+03  1.06678969e+03  9.66989917e+02  8.67197939e+02
  7.67380616e+02  6.67427064e+02  8.16883862e+02  7.17049471e+02
  6.17114754e+02  5.17343568e+02  6.67168704e+02  8.17168432e+02
  7.17373347e+02  8.67147726e+02  8.32447759e+02  7.32481922e+02
  7.34307812e+02  6.34479718e+02  5.34492657e+02  4.34567648e+02
  5.84461134e+02  4.84635256e+02  3.84860466e+02  2.84985699e+02
  1.85147646e+02  3.35003677e+02  2.35020811e+02  1.35141886e+02
  2.85123931e+02  4.34807030e+02  3.34868839e+02  2.34894767e+02
  3.84601362e+02  2.85022517e+02  1.85055149e+02  8.54417348e+01
 -1.45341688e+01 -1.14180049e+02 -6.73956401e+01  8.25661664e+01
 -1.72546308e+01 -1.17206560e+02 -1.46816565e+02  3.09053321e+00
 -9.67765349e+01  5.29976460e+01 -4.69403598e+01  1.02693106e+02
  2.83583815e+00  1.52519701e+02  3.02229096e+02  4.52195630e+02
  3.52252619e+02  2.52271012e+02  4.02233768e+02  4.48133724e+02
  5.97831130e+02  7.47662336e+02  8.97334471e+02  7.97670179e+02
  6.97679692e+02  8.47298640e+02  9.96861766e+02  1.14646334e+03
  1.29630974e+03  1.44603595e+03  1.59508619e+03  1.52858619e+03
  1.67785521e+03  1.57840766e+03  1.72763616e+03  1.62811245e+03
  1.52850393e+03]",1528.5039337925714,15.285039337925713,0.43386243386243384,1.1516504610117637,-13.872256421649976,1.0744761674037324,0.40324095091918194
CRSR,7,Rule 7,"[('EMA_50', 1.381, '>'), ('VWAP_20', 15.089, '<='), ('SMA_10', 4.092, '>'), ('SMA_10', 9.943, '>')]",2.6713450888325374,94,"[-2.750062942504883, -99.77578536442331, 149.95666232135906, 149.55436466922495, -99.74004084849113, -99.94689252562966, -99.67662462996387, -55.86015701293945, -99.75479120932027, -99.82778250594299, -99.95281145081802, -99.74434893049846, -99.97516118026337, 149.8622248501716, -99.80330319238881, -99.94424613676354, 149.77022481425524, -99.66295984954975, -99.85892092241491, 149.38877299634777, 149.48485465871192, -99.9614292452926, 63.59993934631348, 149.63655512109108, 149.5683555415687, 149.97344861677132, -99.73878845167323, -29.900026321411133, -99.85513336465061, -99.89589852440866, -99.79861918752849, 149.9571280723483, -99.69222262600337, -99.71661481187004, -99.7938500930557, 149.5867502599485, 149.86581290591252, -99.85488869379948, -99.77798572067141, -99.74535441458318, -99.82737106964112, 149.75141066013083, 149.88506445631367, -99.96843558516383, -99.68034309700074, 149.49350521523473, -99.5607511745845, -99.84421759015648, -99.97012795132721, 101.45977592468262, -99.80850333963191, -99.71608822435513, 25.082104682922363, 149.7451871446993, -99.92061583411964, 149.61334407586008, -99.88150615137607, -57.60009765625, -99.75689445131525, -99.70481232208596, 149.99037339934932, 149.69331773950228, -99.78288535382006, -99.80064656219858, 149.89476360219842, 26.879974365234375, 149.75996331264707, -99.90299484527144, 46.611738204956055, -99.99337957971774, -99.7523440422428, 149.86911451027376, -99.97543438415875, -99.7222479990051, 149.89818718532223, -99.93501681801703, -99.97110041860407, -99.99258131686406, -99.79787865313659, -99.94763479238499, 149.83541092220725, -99.95830513174982, -99.98007864656495, 149.89087870089747, -99.88522614696878, -82.20005226135254, 25.91997528076172, -99.70095628501646, -99.99781295235903, -99.75794553731856, -99.81673002759788, -99.97567576861441, -98.98819855664594, -99.43144708808231]","[   -2.75006294  -102.52584831    47.43081401   196.98517868
    97.24513784    -2.70175469  -102.37837932  -158.23853633
  -257.99332754  -357.82111005  -457.7739215   -557.51827043
  -657.49343161  -507.63120676  -607.43450995  -707.37875609
  -557.60853127  -657.27149112  -757.13041205  -607.74163905
  -458.25678439  -558.21821364  -494.61827429  -344.98171917
  -195.41336363   -45.43991501  -145.17870346  -175.07872978
  -274.93386315  -374.82976167  -474.62838086  -324.67125279
  -424.36347541  -524.08009023  -623.87394032  -474.28719006
  -324.42137715  -424.27626585  -524.05425157  -623.79960598
  -723.62697705  -573.87556639  -423.99050194  -523.95893752
  -623.63928062  -474.1457754   -573.70652658  -673.55074417
  -773.52087212  -672.06109619  -771.86959953  -871.58568776
  -846.50358308  -696.75839593  -796.67901176  -647.06566769
  -746.94717384  -804.5472715   -904.30416595 -1004.00897827
  -854.01860487  -704.32528713  -804.10817248  -903.90881905
  -754.01405544  -727.13408108  -577.37411777  -677.27711261
  -630.66537441  -730.65875399  -830.41109803  -680.54198352
  -780.5174179   -880.2396659   -730.34147872  -830.27649553
  -930.24759595 -1030.24017727 -1130.03805592 -1229.98569072
 -1080.15027979 -1180.10858493 -1280.08866357 -1130.19778487
 -1230.08301102 -1312.28306328 -1286.363088   -1386.06404428
 -1486.06185724 -1585.81980277 -1685.6365328  -1785.61220857
 -1884.60040713 -1984.03185421]",-1984.0318542143425,-19.840318542143425,0.32978723404255317,0.670290284178842,-21.388841845698835,-3.0406184797297624,-0.8539583911800871
EBON,4,Rule 4,"[('EMA_50', 1.381, '>'), ('VWAP_20', 15.089, '<='), ('SMA_10', 4.092, '<='), ('ATR_50', 0.14, '<=')]",2.7214984971238088,46,"[-99.8662099713474, -99.92553292398186, 2.8899972438812256, 149.92631804719196, 149.82016232417848, -99.8806683733353, -39.701669454574585, -99.73201218633419, 11.021394729614258, -99.82984365387765, -99.93908726219999, 149.81700372656405, 149.5459021293583, 149.9581084907787, -99.690533300391, 44.33003902435303, 149.76330782017058, -99.90722983074008, 149.65567776699768, -31.072826385498047, -99.82381160482055, -99.81290023797462, 149.82758441053767, 149.8394703068937, -99.90379844765661, -99.94570539675121, -99.83996575252262, -99.77073893740459, 149.70665624581545, -99.83563284918425, 149.64896360827598, -99.71986944689644, -83.22998905181885, -99.78836567633267, 36.50643038749695, 149.92953147961052, 149.85901937198315, -99.88122958169791, -99.98631896859317, -99.91107180977663, -99.9046547621278, 149.74331376003744, -99.83856509345128, 149.71567486783613, -99.85848963841764, -99.69472662186884]","[ -99.86620997 -199.7917429  -196.90174565  -46.9754276   102.84473472
    2.96406635  -36.73760311 -136.46961529 -125.44822056 -225.27806422
 -325.21715148 -175.40014775  -25.85424562  124.10386287   24.41332957
   68.74336859  218.50667641  118.59944658  268.25512435  237.18229796
  137.35848636   37.54558612  187.37317053  337.21264084  237.30884239
  137.36313699   37.52317124  -62.2475677    87.45908855  -12.3765443
  137.27241931   37.55254986  -45.67743919 -145.46580487 -108.95937448
   40.970157    190.82917637   90.94794679   -9.03837218 -108.94944399
 -208.85409875  -59.11078499 -158.94935009   -9.23367522 -109.09216486
 -208.78689148]",-208.78689147800048,-2.087868914780005,0.41304347826086957,0.918132144580719,-5.282533682536767,-0.6304652221488948,0.039450926728929546
EBON,5,Rule 5,"[('EMA_50', 1.381, '>'), ('VWAP_20', 15.089, '<='), ('SMA_10', 4.092, '<='), ('ATR_50', 0.14, '>')]",2.7214984971238088,6,"[62.09399700164795, -5.039995193481445, -99.92926254714736, -40.50001502037048, -99.78907578412526, -99.8630750245269]","[  62.093997     57.05400181  -42.87526074  -83.37527576 -183.16435154
 -283.02742657]",-283.0274265680035,-2.830274265680035,0.16666666666666666,0.17991927698778837,-3.429916513128307,-11.266655718544458,-0.9787537991344616
EBON,6,Rule 6,"[('EMA_50', 1.381, '>'), ('VWAP_20', 15.089, '<='), ('SMA_10', 4.092, '>'), ('SMA_10', 9.943, '<=')]",2.7214984971238088,104,"[89.98197555541992, -99.66489910983974, 36.33000659942627, -47.67000865936279, -99.64355764547541, 103.99999618530273, -99.67111348737802, 149.5577851447948, -41.799960136413574, -99.95585695344982, 149.500430392427, 149.64750267050016, -99.94111079688972, -99.90180555193795, 149.5974563444201, -99.55599712409857, 149.28938814728573, 148.5676385188759, 4.239995956420898, -77.52003479003906, 108.15497779846191, 149.45977337320025, 148.7859923437442, -26.269991874694824, 149.7410640439471, -99.50287602608545, -99.9757027013673, -99.24328849192852, -99.47154620523456, 10.156832695007324, 44.39995765686035, -99.58379657242459, 149.73152146437548, -99.44966055848407, -99.73177553564518, -30.603257179260254, -99.5597847809273, -99.66460696900218, -99.40046929458335, -99.88120822136483, 9.99001693725586, 149.79543829015302, -99.63071686696294, -99.65902221518252, -99.89085395603222, -99.98073948348267, 149.81127906645582, -99.95198743697277, 70.68009567260742, -99.71974382841266, 149.99488241946483, -99.97605920870059, -99.62876113770474, 149.9265938757946, -54.74738597869873, 149.89526130379497, 149.71842137712912, 149.37110644885956, 149.68362570597472, 149.82851740029915, 148.9571582989173, -99.76941794484881, -99.90089126220073, -34.93531322479248, 149.54765641484332, -99.22033737203805, 149.36797621273217, -99.14605010454473, -99.99981387161955, -99.19609461382855, -68.0515775680542, -3.236118793487549, -38.114027976989746, 149.86485233910219, -99.91122740539865, -8.639991760253906, -99.6356952001475, -99.97115746645541, 149.96728083322802, -99.93210779282798, 149.76331221941305, -99.7576199814314, 3.8807830810546875, -99.68981125365157, -99.99443362417242, -99.85761032200828, -99.75017506183667, -99.76101204385296, 18.873423099517822, -99.58731897700015, -99.8943969682682, -99.91285844721199, -99.89080365673034, -99.80196392911162, -99.82650869076691, 43.50881624221802, 149.6179664298419, 7.214489459991455, -99.91565187526825, 149.49859182057307, -99.60007857067446, 8.799949645996094, -33.622344970703125, -99.73447503533498]","[ 8.99819756e+01 -9.68292355e+00  2.66470830e+01 -2.10229256e+01
 -1.20666483e+02 -1.66664871e+01 -1.16337601e+02  3.32201846e+01
 -8.57977555e+00 -1.08535633e+02  4.09647979e+01  1.90612301e+02
  9.06711898e+01 -9.23061579e+00  1.40366841e+02  4.08108434e+01
  1.90100232e+02  3.38667870e+02  3.42907866e+02  2.65387831e+02
  3.73542809e+02  5.23002582e+02  6.71788575e+02  6.45518583e+02
  7.95259647e+02  6.95756771e+02  5.95781068e+02  4.96537780e+02
  3.97066234e+02  4.07223066e+02  4.51623024e+02  3.52039227e+02
  5.01770749e+02  4.02321088e+02  3.02589313e+02  2.71986055e+02
  1.72426271e+02  7.27616637e+01 -2.66388056e+01 -1.26520014e+02
 -1.16529997e+02  3.32654415e+01 -6.63652754e+01 -1.66024298e+02
 -2.65915152e+02 -3.65895891e+02 -2.16084612e+02 -3.16036599e+02
 -2.45356504e+02 -3.45076248e+02 -1.95081365e+02 -2.95057424e+02
 -3.94686186e+02 -2.44759592e+02 -2.99506978e+02 -1.49611716e+02
  1.06705055e-01  1.49477812e+02  2.99161437e+02  4.48989955e+02
  5.97947113e+02  4.98177695e+02  3.98276804e+02  3.63341490e+02
  5.12889147e+02  4.13668810e+02  5.63036786e+02  4.63890736e+02
  3.63890922e+02  2.64694827e+02  1.96643250e+02  1.93407131e+02
  1.55293103e+02  3.05157955e+02  2.05246728e+02  1.96606736e+02
  9.69710408e+01 -3.00011669e+00  1.46967164e+02  4.70350564e+01
  1.96798369e+02  9.70407486e+01  1.00921532e+02  1.23172042e+00
 -9.87627132e+01 -1.98620324e+02 -2.98370499e+02 -3.98131511e+02
 -3.79258088e+02 -4.78845407e+02 -5.78739803e+02 -6.78652662e+02
 -7.78543466e+02 -8.78345430e+02 -9.78171938e+02 -9.34663122e+02
 -7.85045156e+02 -7.77830666e+02 -8.77746318e+02 -7.28247726e+02
 -8.27847805e+02 -8.19047855e+02 -8.52670200e+02 -9.52404675e+02]",-952.4046750578595,-9.524046750578595,0.3942307692307692,0.8284296969835222,-16.42787337357908,-1.3656328132025544,-0.5368635801712441
EBON,7,Rule 7,"[('EMA_50', 1.381, '>'), ('VWAP_20', 15.089, '<='), ('SMA_10', 4.092, '>'), ('SMA_10', 9.943, '>')]",2.7214984971238088,23,"[-99.34250674600614, -98.90091601511732, 149.70130190069213, 149.74005432049813, -99.41779488655538, -36.099992752075195, -99.0350829145942, -99.11557051838619, 21.199979782104492, -99.49850528147651, 149.06100813763757, -99.91582275793307, -99.40806682506337, 149.66038170555112, -99.25978292556891, -99.08006211806139, 149.54273576493986, 149.14646711887966, -98.90799542126021, 148.40779430589097, -99.25275701109848, -99.41371747667858, -41.03997802734375]","[ -99.34250675 -198.24342276  -48.54212086  101.19793346    1.78013857
  -34.31985418 -133.35493709 -232.47050761 -211.27052783 -310.76903311
 -161.70802497 -261.62384773 -361.03191456 -211.37153285 -310.63131578
 -409.71137789 -260.16864213 -111.02217501 -209.93017043  -61.52237613
 -160.77513314 -260.18885061 -301.22882864]",-301.22882864102473,-3.0122882864102474,0.34782608695652173,0.7797533449617438,-5.057908128520507,-1.8308674425881946,-0.4722222630540458
EXTR,7,Rule 7,"[('EMA_50', 1.381, '>'), ('VWAP_20', 15.089, '<='), ('SMA_10', 4.092, '>'), ('SMA_10', 9.943, '>')]",1.9694575291269438,154,"[-99.9940108819609, -99.87954713189134, -99.82304505843294, 47.25008010864258, -99.83247207533353, -99.75113582490289, -99.90348539741623, 149.67727202213857, 149.8157929479081, -99.76844088979358, -99.82475213599247, -99.98893780687052, -99.77580280263582, -99.9293169849013, -99.7533944232956, -99.95007290535112, -99.91308385833588, 149.86222933417608, 14.104938507080078, -99.9643417507646, 149.95655359594872, -99.93362476003776, -99.87797468521762, -99.83061879704677, 149.75504046018423, -99.94173029816285, 149.80307618925173, -99.86863188774933, 149.77944767994433, -99.7238625900591, -99.70776435732965, 149.59430386055513, 149.78898491085675, -99.99107296857419, -99.77213061750703, -99.83017516123135, 149.9040297449592, -99.84265515134088, -99.73031660840374, -99.81129190231051, 149.84604680688568, -99.80057154238567, -99.98578352241765, -99.97361595560005, -99.89244626581306, 38.639963150024414, 149.81901146752162, -99.83410289711779, 149.79157758843002, -99.97483469568265, 149.78446703791246, 149.69205168733495, -99.9199107786901, -99.79847356945866, 149.97323850980916, 149.7048794488561, -99.95840537014459, -99.94212239559218, 149.99053726387714, 149.6449801618321, 149.6714328770231, -99.76519002721405, -99.75897525666826, 149.8287424181546, -99.88740305443712, 149.89095862233478, 149.73696130526525, 149.8366622753456, -99.82925558419929, -99.74648294542857, 149.97893335120057, -99.98163190258026, -99.90009344287026, 149.76825464690742, 81.19992256164551, -99.77486215196313, -99.83481575713974, -99.8474697456488, 149.98081521601196, 149.72773860125156, 149.530763961299, 149.47862287297917, 149.45969936378086, 16.660154342651367, 149.63993398286723, -99.86990611048317, 149.99776045131185, -99.981134549643, -99.70246506929432, -99.94726120841973, -99.7988495893153, 149.62884057067566, 149.9729894576964, 149.81869198211845, 149.62542066819995, 149.93857676651248, -99.82232979428773, 149.82032811926845, -99.92441738230815, 149.60296078803762, -99.850746940888, -99.99159947150261, -99.93594394984132, -99.91607154458043, 149.8016251507874, 149.74706774985265, -99.74131554607618, -99.82529873588595, -99.61951591530857, 149.79499089834948, -99.77784142377726, 149.90702969598723, 149.39702894940143, -99.91554631884235, 149.62685029494412, -99.87480349677514, -99.76257866134144, -99.85969042855812, -99.72434164912309, -99.68925539030212, 149.91394906238253, -99.6396898126151, -99.87261702207174, -99.61710555665428, 149.39551440828285, 149.23602892926795, -22.521705627441406, 149.85687133295005, 149.8675082247307, 149.75527429870698, -99.9633533557129, 149.73757165198137, 149.8429213719081, 149.89619373155602, 149.50167647760128, 149.91522289068925, -99.76236428118952, 149.70393045888187, -99.92401191194504, -99.68154086023782, 149.76425381065718, 149.68301994205655, 149.6109960431311, -99.84533691293854, 149.6055999515818, -99.63486917043524, 148.84014892578125, 149.61607174773087, -99.8265799831665, -99.90368272332142, 149.91281159292436, 149.48912537804262, 103.74009132385254, 149.8126335922586]","[  -99.99401088  -199.87355801  -299.69660307  -252.44652296
  -352.27899504  -452.03013086  -551.93361626  -402.25634424
  -252.44055129  -352.20899218  -452.03374432  -552.02268212
  -651.79848493  -751.72780191  -851.48119633  -951.43126924
 -1051.3443531   -901.48212376  -887.37718526  -987.34152701
  -837.38497341  -937.31859817 -1037.19657286 -1137.02719165
  -987.27215119 -1087.21388149  -937.4108053  -1037.27943719
  -887.49998951  -987.2238521  -1086.93161646  -937.3373126
  -787.54832769  -887.53940066  -987.31153127 -1087.14170643
  -937.23767669 -1037.08033184 -1136.81064845 -1236.62194035
 -1086.77589354 -1186.57646509 -1286.56224861 -1386.53586456
 -1486.42831083 -1447.78834768 -1297.96933621 -1397.80343911
 -1248.01186152 -1347.98669622 -1198.20222918 -1048.51017749
 -1148.43008827 -1248.22856184 -1098.25532333  -948.55044388
 -1048.50884925 -1148.45097165  -998.46043438  -848.81545422
  -699.14402134  -798.90921137  -898.66818663  -748.83944421
  -848.72684726  -698.83588864  -549.09892734  -399.26226506
  -499.09152065  -598.83800359  -448.85907024  -548.84070214
  -648.74079559  -498.97254094  -417.77261838  -517.54748053
  -617.38229629  -717.22976603  -567.24895082  -417.52121221
  -267.99044825  -118.51182538    30.94787398    47.60802833
   197.24796231    97.3780562    247.37581665   147.3946821
    47.69221703   -52.25504418  -152.05389377    -2.4250532
   147.54793626   297.36662824   446.99204891   596.93062568
   497.10829588   646.928624     547.00420662   696.60716741
   596.75642047   496.764821     396.82887705   296.9128055
   446.71443065   596.4614984    496.72018286   396.89488412
   297.27536821   447.0703591    347.29251768   497.19954738
   646.59657633   546.68103001   696.3078803    596.4330768
   496.67049814   396.81080771   297.08646607   197.39721068
   347.31115974   247.67146993   147.7988529     48.18174735
   197.57726175   346.81329068   324.29158506   474.14845639
   624.01596461   773.77123891   673.80788556   823.54545721
   973.38837858  1123.28457231  1272.78624879  1422.70147168
  1322.9391074   1472.64303786  1372.71902595  1273.03748509
  1422.8017389   1572.48475884  1722.09575488  1622.25041797
  1771.85601792  1672.22114875  1821.06129768  1970.67736942
  1870.85078944  1770.94710672  1920.85991831  2070.34904369
  2174.08913501  2323.9017686 ]",2323.901768604761,23.239017686047607,0.474025974025974,1.290123474427291,-14.004378396058803,1.9594623312655006,0.8525525342764863
EXTR,8,Rule 8,"[('EMA_50', 1.381, '>'), ('VWAP_20', 15.089, '>'), ('EMA_50', 18.098, '>'), ('SMA_10', 18.149, '<=')]",1.9694575291269438,4,"[149.9821728317604, -99.72716495346054, -99.83543222685671, 47.45979309082031]",[149.98217283  50.25500788 -49.58042435  -2.12063126],-2.120631257736534,-0.02120631257736534,0.5,0.9893736036326466,-1.9661374156348908,-0.06897847778021708,-0.8390443152646901
EXTR,9,Rule 9,"[('EMA_50', 1.381, '>'), ('VWAP_20', 15.089, '>'), ('EMA_50', 18.098, '>'), ('SMA_10', 18.149, '>')]",1.9694575291269438,99,"[-99.68785168300889, -99.98748218554678, -99.23104345289359, 148.8735920667096, 149.91204246139932, -99.53964381332544, -99.68464608555645, -99.68230657340087, -99.73583917935932, -99.70576315035169, 149.52700349978008, -99.85207304008719, 149.3332405051518, -99.92323094762696, 149.35370548915856, 1.6700382232666016, -99.61233006690883, -99.91347201150047, -99.78126027444887, 149.9574202071473, 149.25463774252722, -99.50877735376594, 149.89244262357863, -99.97153684001194, -99.3724475043413, -99.9218784030756, -99.63380962836929, -99.46380184784073, -99.59594221249199, -99.7758896891422, -99.97181436595642, 149.5645093956677, -99.94600430288455, -99.77704073813855, 149.3551382713138, -99.64443637775588, -99.74777084161133, -99.43048573724258, -99.76935077520578, -99.80236606991795, -99.7868103425611, 149.60968463162024, 149.53450289840427, -99.61414968747448, 94.5200424194336, 149.56352592155434, 149.5890702163459, -99.85057564712702, -99.8136592872664, 149.8194200932957, -99.96979610473113, 149.5375434753542, -13.362150192260742, -99.67054665568264, -99.67044327839542, -99.74819096209833, -99.90931002388302, -99.97723401039755, -99.96362532212237, 149.3177757212583, -99.83756934191096, -99.62164679466875, 149.45367951501726, -99.64386209288392, -99.82908158580003, 149.79734494793644, -99.70981560011694, 149.63203305814432, 149.38939240307556, -99.65033895039717, -99.91318163852414, 149.29541918081893, -99.84572593008514, -99.40027440119036, -99.34933238797926, 149.93451439974024, 149.28885265703244, -99.67081742003104, 149.35763262401414, -99.63480358295573, 148.91007493314848, 149.3324966169176, -99.79241480395433, 149.62677253659197, 149.19049003215298, -99.78838519335736, -99.32567356418414, 149.57369626322304, -99.30480277173459, -99.09668122785403, 149.54608810399898, -99.42072943062567, 149.73944303631959, 149.2863099589224, -99.90541083695672, -99.76853081901824, -99.50813928450681, 149.31192288391128, -99.11346087918483]","[-9.96878517e+01 -1.99675334e+02 -2.98906377e+02 -1.50032785e+02
 -1.20742793e-01 -9.96603866e+01 -1.99345033e+02 -2.99027339e+02
 -3.98763178e+02 -4.98468942e+02 -3.48941938e+02 -4.48794011e+02
 -2.99460771e+02 -3.99384002e+02 -2.50030296e+02 -2.48360258e+02
 -3.47972588e+02 -4.47886060e+02 -5.47667320e+02 -3.97709900e+02
 -2.48455262e+02 -3.47964040e+02 -1.98071597e+02 -2.98043134e+02
 -3.97415581e+02 -4.97337460e+02 -5.96971269e+02 -6.96435071e+02
 -7.96031013e+02 -8.95806903e+02 -9.95778717e+02 -8.46214208e+02
 -9.46160212e+02 -1.04593725e+03 -8.96582115e+02 -9.96226551e+02
 -1.09597432e+03 -1.19540481e+03 -1.29517416e+03 -1.39497652e+03
 -1.49476334e+03 -1.34515365e+03 -1.19561915e+03 -1.29523330e+03
 -1.20071325e+03 -1.05114973e+03 -9.01560659e+02 -1.00141123e+03
 -1.10122489e+03 -9.51405473e+02 -1.05137527e+03 -9.01837726e+02
 -9.15199876e+02 -1.01487042e+03 -1.11454087e+03 -1.21428906e+03
 -1.31419837e+03 -1.41417560e+03 -1.51413923e+03 -1.36482145e+03
 -1.46465902e+03 -1.56428067e+03 -1.41482699e+03 -1.51447085e+03
 -1.61429993e+03 -1.46450259e+03 -1.56421240e+03 -1.41458037e+03
 -1.26519098e+03 -1.36484132e+03 -1.46475450e+03 -1.31545908e+03
 -1.41530480e+03 -1.51470508e+03 -1.61405441e+03 -1.46411990e+03
 -1.31483104e+03 -1.41450186e+03 -1.26514423e+03 -1.36477903e+03
 -1.21586896e+03 -1.06653646e+03 -1.16632887e+03 -1.01670210e+03
 -8.67511612e+02 -9.67299998e+02 -1.06662567e+03 -9.17051975e+02
 -1.01635678e+03 -1.11545346e+03 -9.65907371e+02 -1.06532810e+03
 -9.15588657e+02 -7.66302347e+02 -8.66207758e+02 -9.65976289e+02
 -1.06548443e+03 -9.16172505e+02 -1.01528597e+03]",-1015.2859661897548,-10.152859661897548,0.36363636363636365,0.8360892098547625,-16.141986785954526,-1.3745679804875213,-0.6977489761863146
HBIO,4,Rule 4,"[('EMA_50', 1.381, '>'), ('VWAP_20', 15.089, '<='), ('SMA_10', 4.092, '<='), ('ATR_50', 0.14, '<=')]",2.4120646001571644,20,"[149.940036091435, -99.72567076088151, -99.97177424276629, 149.8253248022059, -99.98100746749897, -99.8987586446772, -99.98968129942702, 149.94240027824057, 149.78092498237098, 149.8007415380329, -99.77303687159323, 149.5877817807778, -99.98627543962584, -99.89402830428935, 149.98027474581477, 149.80417465092322, 149.80735984638824, -24.021055698394775, 149.93898940373268, 149.973972829781]","[ 1.49940036e+02  5.02143653e+01 -4.97574089e+01  1.00067916e+02
  8.69084225e-02 -9.98118502e+01 -1.99801532e+02 -4.98591312e+01
  9.99217937e+01  2.49722535e+02  1.49949498e+02  2.99537280e+02
  1.99551005e+02  9.96569764e+01  2.49637251e+02  3.99441426e+02
  5.49248786e+02  5.25227730e+02  6.75166719e+02  8.25140692e+02]",825.1406922205487,8.251406922205486,0.55,2.002307225739767,-3.445750086891402,5.270477581028321,0.8170789842998908
HBIO,5,Rule 5,"[('EMA_50', 1.381, '>'), ('VWAP_20', 15.089, '<='), ('SMA_10', 4.092, '<='), ('ATR_50', 0.14, '>')]",2.4120646001571644,11,"[149.37231593547713, -99.5642710421589, 149.294276360634, -99.84018116856163, -31.283955097198486, 149.88184921609565, -99.91882246217205, -26.500046253204346, 149.95243346366772, 149.66472848316235, 148.89482414471092]","[149.37231594  49.80804489 199.10232125  99.26214009  67.97818499
 217.8600342  117.94121174  91.44116549 241.39359895 391.05832744
 539.95315158]",539.9531515804524,5.399531515804524,0.5454545454545454,2.512019462592045,-1.2856438942916575,6.605471332047852,0.6989967068788046
HBIO,6,Rule 6,"[('EMA_50', 1.381, '>'), ('VWAP_20', 15.089, '<='), ('SMA_10', 4.092, '>'), ('SMA_10', 9.943, '<=')]",2.4120646001571644,125,"[-99.6209411930794, -99.94392187305733, -58.163907051086426, -99.83918788863312, -99.77492502358709, -99.73740563403447, 19.319961547851562, -99.98565734255116, 149.37064414046267, -99.68004592647254, -99.77846807471536, -99.70474940558069, -99.55018722759829, -68.53002643585205, -99.61980368283247, 149.5417277116502, -99.59462705006852, -99.25505838825492, 82.53202438354492, -99.36572621961122, 46.580020904541016, -99.94051063049771, -33.85809516906738, -99.96005487379745, -99.9470923637009, -99.9667602034122, 149.86736310936206, -99.88002634676027, 149.7970015044047, 149.79327896474092, -99.91623759952893, -99.64937177224382, -99.73565345419583, 149.66241893480424, 149.86732894954983, -99.7500396578556, 149.88905631539728, -99.6581146599001, -99.70586662696948, 149.58587003896076, 149.7523472284732, -99.94439320945699, -99.84900373944323, -99.85386920086627, 149.97155053678992, -87.49983310699463, -43.839874267578125, -25.1680850982666, -99.93495751020083, -99.87416891659352, -99.88607631405085, 149.90229936726564, 149.71889214348056, 149.52871039058203, -99.53601966974027, -99.35597629608843, 149.7784943909608, -0.4080190658569336, 149.08937825006544, -99.9507799441897, -99.61758315701545, 149.81083362325757, 149.22220350435373, -99.7108045025939, -99.68215451852089, 149.2516610976991, -99.44100777491767, -99.85947867910279, 101.9520378112793, -99.78892769421654, -99.80685655794947, 21.84001922607422, -99.78456243826008, -99.72876681303862, -99.77265469575416, -99.93234818361117, 149.86711074080964, -99.67034161837582, -99.70487500327435, 149.5662010950937, -99.84003440788666, 149.84706113931736, 149.6312634262648, 149.5808317426897, -99.79184634538235, -99.69795641061609, 75.52001953125, 14.255996704101562, -99.90198995588872, 149.63516727171975, -99.73330976902844, -99.69319400371076, -99.64358751538528, -99.96515588840418, 149.3913430889317, 149.95055174107966, -99.72815377667685, -99.90707127972146, -99.94107499200223, 149.72404344317098, 149.71602582468708, 149.66508726470568, -99.87308353168963, -99.74337322672046, -99.74182115207165, 149.72258481918686, 149.54542185381334, 149.71770517626607, 33.11996841430664, -99.82102685319296, 149.97851085732668, -99.94300703417909, -99.5942415387596, -99.62793953797294, -99.77466308568657, 149.389802343379, -99.90401014648357, 149.64604965627834, -99.67009704792184, -99.92554207679923, 149.4922076292471, -99.99403098218954, -99.92145923162761, 48.34799909591675, 148.76896381378174]","[  -99.62094119  -199.56486307  -257.72877012  -357.56795801
  -457.34288303  -557.08028866  -537.76032712  -637.74598446
  -488.37534032  -588.05538624  -687.83385432  -787.53860372
  -887.08879095  -955.61881739 -1055.23862107  -905.69689336
 -1005.29152041 -1104.5465788  -1022.01455441 -1121.38028063
 -1074.80025973 -1174.74077036 -1208.59886553 -1308.5589204
 -1408.50601277 -1508.47277297 -1358.60540986 -1458.48543621
 -1308.6884347  -1158.89515574 -1258.81139334 -1358.46076511
 -1458.19641856 -1308.53399963 -1158.66667068 -1258.41671034
 -1108.52765402 -1208.18576868 -1307.89163531 -1158.30576527
 -1008.55341804 -1108.49781125 -1208.34681499 -1308.20068419
 -1158.22913365 -1245.72896676 -1289.56884103 -1314.73692613
 -1414.67188364 -1514.54605255 -1614.43212887 -1464.5298295
 -1314.81093736 -1165.28222697 -1264.81824664 -1364.17422293
 -1214.39572854 -1214.80374761 -1065.71436936 -1165.6651493
 -1265.28273246 -1115.47189884  -966.24969533 -1065.96049983
 -1165.64265435 -1016.39099325 -1115.83200103 -1215.69147971
 -1113.7394419  -1213.52836959 -1313.33522615 -1291.49520692
 -1391.27976936 -1491.00853617 -1590.78119087 -1690.71353905
 -1540.84642831 -1640.51676993 -1740.22164493 -1590.65544384
 -1690.49547825 -1540.64841711 -1391.01715368 -1241.43632194
 -1341.22816828 -1440.9261247  -1365.40610516 -1351.15010846
 -1451.05209842 -1301.41693114 -1401.15024091 -1500.84343492
 -1600.48702243 -1700.45217832 -1551.06083523 -1401.11028349
 -1500.83843727 -1600.74550855 -1700.68658354 -1550.9625401
 -1401.24651427 -1251.58142701 -1351.45451054 -1451.19788376
 -1550.93970492 -1401.2171201  -1251.67169824 -1101.95399307
 -1068.83402465 -1168.65505151 -1018.67654065 -1118.61954768
 -1218.21378922 -1317.84172876 -1417.61639185 -1268.2265895
 -1368.13059965 -1218.48454999 -1318.15464704 -1418.08018912
 -1268.58798149 -1368.58201247 -1468.5034717  -1420.15547261
 -1271.38650879]",-1271.3865087920237,-12.713865087920237,0.376,0.8282163515635895,-16.571089793597928,-1.4242227485642782,-0.5962442143140251
HBIO,7,Rule 7,"[('EMA_50', 1.381, '>'), ('VWAP_20', 15.089, '<='), ('SMA_10', 4.092, '>'), ('SMA_10', 9.943, '>')]",2.4120646001571644,8,"[-99.62958153228928, -99.41280391569245, 148.9555549081713, -99.89666194530405, -99.9801117213106, -99.35121784574079, -99.36239907689927, -83.1678991317749]","[ -99.62958153 -199.04238545  -50.08683054 -149.98349249 -249.96360421
 -349.31482205 -448.67722113 -531.84512026]",-531.8451202608401,-5.318451202608401,0.125,0.21879466390245944,-4.841834109665555,-12.097126697824974,-0.9022533034191212
HBIO,8,Rule 8,"[('EMA_50', 1.381, '>'), ('VWAP_20', 15.089, '>'), ('EMA_50', 18.098, '>'), ('SMA_10', 18.149, '<=')]",2.4120646001571644,1,[-99.38839614324216],[-99.38839614],-99.38839614324216,-0.9938839614324216,0.0,0.0,0.0,0.0,0.0
HBIO,9,Rule 9,"[('EMA_50', 1.381, '>'), ('VWAP_20', 15.089, '>'), ('EMA_50', 18.098, '>'), ('SMA_10', 18.149, '>')]",2.4120646001571644,147,"[-99.81714259499728, 39.64986038208008, 147.9218938949374, -99.27710232469943, 148.5656375584748, -99.91648991057333, -99.31335469576044, 149.8295947787396, -99.43451147575001, -98.54412485832984, 56.09992218017578, 113.40019226074219, -99.25454737126523, 148.5779229451812, -98.08521646550413, 27.599929809570312, 9.299858093261719, -99.21684101137296, 147.5917974845294, -99.19960900781052, -99.5778190882429, -98.3339968805023, -98.72039905899857, 147.34936964445154, 149.86084790153058, -99.99985567874509, 148.64872940405746, -98.72021558515144, 147.3022779623999, 147.59472101238225, 148.14650977375123, -98.59982766547554, -99.6380277701548, 149.63502462862482, 128.69997024536133, 68.79993438720703, -98.24082768327015, -99.44720944857991, -98.37798202091935, -99.19432120689042, -98.65245576747185, -99.72319036745553, -99.98315164556038, 147.35372995471147, -20.726829528808594, -98.20622547267608, 148.40230617712876, -98.31692958014251, -98.25468409929607, -99.23244015290587, 147.72149960034488, -99.87975263120057, -19.5, -98.07502400563882, 148.81224931996329, -99.76990829285404, -98.05987996021807, -99.41878903684781, -44.15595245361328, 149.07456244938618, -99.51634982874694, -99.17384464224972, -98.43890987614492, -98.31387088524829, -98.51295896382712, 147.75643701416118, -99.32552138574604, -99.56347831598333, -50.0, 149.5311525756254, -99.4899737610125, -99.43056632797628, -98.98847882479753, -18.16387939453125, -99.12572526742171, -99.038918490497, -99.2015126639887, 149.4453776320604, -99.45449181448498, -99.08385173247785, 149.69905736925216, -99.10043467660395, -99.16506991810844, 149.80651433927767, 149.04241606475665, 149.47809376095265, -99.29071564247899, 148.45473010236103, -99.42583943807492, -99.06860555266861, 149.51651837402915, -98.54185471452274, -99.40635845368661, -99.6655571283597, 149.44966644824854, -98.72253909647691, 61.199974060058594, -99.80165948181003, 149.1727975122732, 149.16158895326504, -99.28040724628127, -99.11698504814123, -99.21248346150243, -99.90330279683556, 25.900169372558594, 149.77351444240935, -99.01101666382056, -99.123322624949, -99.2081524113647, -99.7629351825156, 26.099933624267578, -99.12704905791097, -99.40202418309536, -99.40346206965758, -99.96226635934119, 149.31378202749923, -99.58289755967371, -99.87874269692566, -99.56117964815783, 149.36311776768326, -99.31940215569803, 149.75667662237763, -99.93994530285721, 148.9012409446791, 148.87221573174548, 149.2010219363956, -99.99520387142071, 149.00716603690105, -99.00501373815723, -99.53743505913346, -98.92599282206729, 149.77758491183778, 58.10006332397461, -99.47643138522677, -99.49395700215231, 148.88988166843848, -99.7260400088995, -99.26510337434462, 0.0, -99.41539587483528, 149.26239587046248, -99.37194266135384, -99.53788030985848, 27.000102996826172, -99.87533380069678, -99.34420921839859, -99.7965581911647]","[  -99.81714259   -60.16728221    87.75461168   -11.52249064
   137.04314692    37.12665701   -62.18669769    87.64289709
   -11.79161439  -110.33573925   -54.23581707    59.1643752
   -40.09017218   108.48775077    10.4025343     38.00246411
    47.30232221   -51.91451881    95.67727868    -3.52233033
  -103.10014942  -201.4341463   -300.15454536  -152.80517571
    -2.94432781  -102.94418349    45.70454592   -53.01566967
    94.28660829   241.8813293    390.02783908   291.42801141
   191.78998364   341.42500827   470.12497852   538.9249129
   440.68408522   341.23687577   242.85889375   143.66457254
    45.01211678   -54.71107359  -154.69422524    -7.34049528
   -28.06732481  -126.27355028    22.12875589   -76.18817369
  -174.44285779  -273.67529794  -125.95379834  -225.83355097
  -245.33355097  -343.40857497  -194.59632565  -294.36623395
  -392.42611391  -491.84490294  -536.0008554   -386.92629295
  -486.44264278  -585.61648742  -684.0553973   -782.36926818
  -880.88222714  -733.12579013  -832.45131152  -932.01478983
  -982.01478983  -832.48363726  -931.97361102 -1031.40417735
 -1130.39265617 -1148.55653557 -1247.68226083 -1346.72117932
 -1445.92269199 -1296.47731436 -1395.93180617 -1495.0156579
 -1345.31660053 -1444.41703521 -1543.58210513 -1393.77559079
 -1244.73317472 -1095.25508096 -1194.5457966  -1046.0910665
 -1145.51690594 -1244.58551149 -1095.06899312 -1193.61084783
 -1293.01720629 -1392.68276342 -1243.23309697 -1341.95563606
 -1280.755662   -1380.55732149 -1231.38452397 -1082.22293502
 -1181.50334227 -1280.62032731 -1379.83281078 -1479.73611357
 -1453.8359442  -1304.06242976 -1403.07344642 -1502.19676905
 -1601.40492146 -1701.16785664 -1675.06792302 -1774.19497207
 -1873.59699626 -1973.00045833 -2072.96272469 -1923.64894266
 -2023.23184022 -2123.11058292 -2222.67176256 -2073.3086448
 -2172.62804695 -2022.87137033 -2122.81131563 -1973.91007469
 -1825.03785896 -1675.83683702 -1775.83204089 -1626.82487485
 -1725.82988859 -1825.36732365 -1924.29331647 -1774.51573156
 -1716.41566824 -1815.89209962 -1915.38605662 -1766.49617496
 -1866.22221497 -1965.48731834 -1965.48731834 -2064.90271421
 -1915.64031834 -2015.01226101 -2114.55014132 -2087.55003832
 -2187.42537212 -2286.76958134 -2386.56613953]",-2386.5661395286743,-23.865661395286743,0.35374149659863946,0.734337096060874,-27.758913519259963,-2.335032805883223,-0.9443341351166817
HOTH,0,Rule 0,"[('EMA_50', 1.381, '<='), ('ATR_50', 0.044, '<='), ('EMA_20', 1.291, '<='), ('ATR_50', 0.032, '>')]",2.475857131449321,51,"[66.8312873840332, -99.97683239622283, -99.95040859224933, -11.276070237159729, 149.97600257161963, -99.96361214753067, -99.91292116533863, 149.8956906667242, -99.93114689902129, 69.30004405975342, 149.89700719421953, 149.91815400620922, 149.8947999451651, 18.509982347488403, 149.93804791809941, -99.93167636584408, -5.399808168411255, -32.353187084198, -99.98128551997965, 149.99453657852905, 149.92867976691943, -71.91504240036011, -99.96495861750347, -71.91796481609344, -99.94621218576111, 149.9871051935639, -99.93733891186558, -11.309989213943481, -99.96995507695468, 48.81040143966675, -99.95499017203846, -99.9403100763082, 149.9746158733604, -99.99398435045774, 87.96991610527039, -99.95775399995084, -6.182934045791626, 149.98417090013166, -11.594808101654053, 149.8681999572342, 87.78002643585205, 149.92703624366354, -99.94540807750352, 66.28446435928345, -35.59140622615814, 149.90377428562104, -6.269994020462036, -99.92811847936719, -99.9319156931592, 84.555410861969, -99.96462418851164]","[  66.83128738  -33.14554501 -133.0959536  -144.37202384    5.60397873
  -94.35963342 -194.27255458  -44.37686392 -144.30801082  -75.00796676
   74.88904044  224.80719445  374.70199439  393.21197674  543.15002466
  443.21834829  437.81854012  405.46535304  305.48406752  455.4786041
  605.40728386  533.49224146  433.52728284  361.60931803  261.66310584
  411.65021104  311.71287212  300.40288291  200.43292783  249.24332927
  149.2883391    49.34802903  199.3226449    99.32866055  187.29857665
   87.34082265   81.15788861  231.14205951  219.54725141  369.41545136
  457.1954778   607.12251404  507.17710597  573.46157032  537.8701641
  687.77393838  681.50394436  581.57582588  481.64391019  566.19932105
  466.23469686]",466.234696864577,4.66234696864577,0.43137254901960786,1.2155605199292152,-5.243167376359973,1.380659617199336,0.6354179379403968
HOTH,1,Rule 1,"[('EMA_50', 1.381, '<='), ('ATR_50', 0.044, '<='), ('EMA_20', 1.291, '>'), ('SMA_10', 1.281, '<=')]",2.475857131449321,4,"[149.93034281402836, -99.93896778559119, 80.17492353916168, 149.9545424571294]",[149.93034281  49.99137503 130.16629857 280.12084102],280.1208410247283,2.8012084102472827,0.75,3.8029190938383395,-0.9846271295481912,9.422006024345286,0.637069561464521
HOTH,2,Rule 2,"[('EMA_50', 1.381, '<='), ('ATR_50', 0.044, '>'), ('VWAP_20', 1.421, '<='), ('SMA_10', 0.998, '<=')]",2.475857131449321,9,"[149.95484580733464, -99.92638233512984, -99.89310783398263, -99.86210950418973, -36.53319442272186, -99.91657772474866, -99.95281529155497, -29.38002586364746, 149.92355271015794]","[ 149.95484581   50.02846347  -49.86464436 -149.72675387 -186.25994829
 -286.17652601 -386.1293413  -415.50936717 -265.58581446]",-265.5858144584826,-2.655858144584826,0.2222222222222222,0.5303225060685377,-5.571100774005448,-4.435490733540258,-0.9185501970050248
HOTH,3,Rule 3,"[('EMA_50', 1.381, '<='), ('ATR_50', 0.044, '>'), ('VWAP_20', 1.421, '>'), ('EMA_50', 1.274, '<=')]",2.475857131449321,10,"[-99.91065476328963, 149.94691357134667, -99.88716582975712, 149.91747173387782, -99.89348127526294, 149.73608816694824, -99.93719817779434, -99.9287501047876, -99.94560106702704, 75.80864262580872]","[ -99.91065476   50.03625881  -49.85090702  100.06656471    0.17308344
  149.9091716    49.97197343  -49.95677668 -149.90237775  -74.09373512]",-74.09373511993721,-0.740937351199372,0.4,0.8764080354757072,-2.953834800693436,-0.9694598430602946,-0.22756497448521276
HOTH,4,Rule 4,"[('EMA_50', 1.381, '>'), ('VWAP_20', 15.089, '<='), ('SMA_10', 4.092, '<='), ('ATR_50', 0.14, '<=')]",2.475857131449321,42,"[-99.9020754303714, -71.10993218421936, 41.21996068954468, 149.89032606975138, 149.94242066792373, 149.7735294228244, 149.8322928024938, -99.8044842987409, -99.77767359486755, -99.76469603814554, -26.60898447036743, -99.90943410779978, -99.93419289161872, 149.9272069556297, 149.9270460719977, -99.92473216668047, -41.3999605178833, -99.92651539837816, -99.94444271668263, 149.80652188324734, -99.94242498624465, -99.95281012356307, -32.94003403186798, -99.929694513253, -99.87580735679535, -54.482380986213684, 149.87491262976937, -99.87980920653928, 149.96290563457936, -99.93853690906074, 149.8625358794091, -99.96305439989773, -99.96429987119339, -99.90893724861533, -99.97697921913894, 149.91091311826685, -99.94887749716725, -99.98961220568115, -99.89254011044291, 149.89171096172237, -99.96935878926551, -99.98385299666504]","[ -99.90207543 -171.01200761 -129.79204693   20.09827914  170.04069981
  319.81422924  469.64652204  369.84203774  270.06436414  170.29966811
  143.69068364   43.78124953  -56.15294336   93.77426359  243.70130966
  143.7765775   102.37661698    2.45010158  -97.49434114   52.31218075
  -47.63024424 -147.58305436 -180.52308839 -280.45278291 -380.32859026
 -434.81097125 -284.93605862 -384.81586783 -234.85296219 -334.7914991
 -184.92896322 -284.89201762 -384.85631749 -484.76525474 -584.74223396
 -434.83132084 -534.78019834 -634.76981055 -734.66235066 -584.77063969
 -684.73999848 -784.72385148]",-784.7238514802004,-7.8472385148020045,0.30952380952380953,0.701005883937622,-11.98101932933244,-2.6652267201372175,-0.8506202767235012
HOTH,5,Rule 5,"[('EMA_50', 1.381, '>'), ('VWAP_20', 15.089, '<='), ('SMA_10', 4.092, '<='), ('ATR_50', 0.14, '>')]",2.475857131449321,3,"[-64.97680509090424, -76.73759365081787, -57.47902297973633]",[ -64.97680509 -141.71439874 -199.19342172],-199.19342172145844,-1.9919342172145842,0.0,0.0,-1.3509441699072173,-108.57803179935759,-0.9965860602164686
KROS,6,Rule 6,"[('EMA_50', 1.381, '>'), ('VWAP_20', 15.089, '<='), ('SMA_10', 4.092, '>'), ('SMA_10', 9.943, '<=')]",2.172611871278069,6,"[149.65547288820122, -99.87373631292459, 149.65901159575785, -99.68299087969655, 149.4110732597898, 149.4297466708548]","[149.65547289  49.78173658 199.44074817  99.75775729 249.16883055
 398.59857722]",398.5985772219825,3.9859857722198253,0.6666666666666666,2.997419895733393,-0.9840110985019034,8.191208488827426,0.7531531684824238
KROS,7,Rule 7,"[('EMA_50', 1.381, '>'), ('VWAP_20', 15.089, '<='), ('SMA_10', 4.092, '>'), ('SMA_10', 9.943, '>')]",2.172611871278069,112,"[-99.70012245936564, -99.4676066848843, 139.97876358032227, -99.41557643303591, -59.16002655029297, 149.46411496165356, -99.92899456058693, -99.92508397690649, -99.7056251402926, -99.71993669388706, 149.86517565374004, 149.99885662528507, -99.71659511299885, 149.84592285934215, -99.79573390768789, 149.5985525316242, -99.93181446234371, -99.83834235843653, -99.64763314314206, 149.82858735696243, -32.64016342163086, -99.72533320737124, -99.70568526869172, -99.75761399429756, -99.96980649410746, 149.86274648298078, -99.737895525959, -99.55977241540043, 149.24502731741566, 149.2076453754934, 26.825060844421387, -41.300045013427734, -99.7365445224604, 149.44867617668763, -99.7955399718445, 149.84421355108466, 88.35494995117188, -99.68547810689101, 149.8931664389121, 149.36745335902597, -99.58942147635325, -99.66940318749474, -43.050007820129395, -7.27203369140625, -99.93711355207398, 149.75952176817933, 149.9313889559671, 149.87912138134567, -99.92077818678523, -99.82422697840724, -99.92664619642945, 149.7333384402057, -19.10991668701172, -99.93626205769061, 149.86770490036704, 149.69652519028176, 149.8209830206482, -99.67186260893041, 149.60351188139416, 149.80463808288525, -99.68436301722966, -99.82010559309487, -99.96555009961148, -99.73390276818029, 149.5122682370797, 149.9236352517578, -99.48632916006031, 104.0, -99.63099659714558, -99.84231456233114, -99.96910733052792, -99.95527075399319, -99.99298157878356, -99.63604638815042, 61.56001853942871, 149.5676488549444, -99.70765927036828, -99.83432900533478, 149.50134417909894, 149.89905127290518, 149.46326313575597, -99.94939922200983, -99.55277845900267, 149.57836256712534, -99.8883845192525, -99.73653896959661, 149.6233545018239, 149.97411140618252, -99.92327436486458, 149.74359690042584, -99.8705230280556, -99.94005723296891, 149.53025653248187, -99.68748115750506, -99.92533223964979, 149.76259577561837, -99.63238261683833, 149.61719051210218, 149.4165952099831, -99.82431839346522, -99.92476501874626, -99.81991335626165, -99.68935089794607, 149.90858993278252, -99.88081169751291, 149.8783420327535, 149.7558706772876, 149.69413294192356, -99.78522018148561, 149.91635824433902, -99.75765659388031, 149.5419399238811]","[ -99.70012246 -199.16772914  -59.18896556 -158.604542   -217.76456855
  -68.30045359 -168.22944815 -268.15453212 -367.86015726 -467.58009396
 -317.7149183  -167.71606168 -267.43265679 -117.58673393 -217.38246784
  -67.78391531 -167.71572977 -267.55407213 -367.20170527 -217.37311791
 -250.01328134 -349.73861454 -449.44429981 -549.20191381 -649.1717203
 -499.30897382 -599.04686934 -698.60664176 -549.36161444 -400.15396907
 -373.32890822 -414.62895324 -514.36549776 -364.91682158 -464.71236155
 -314.868148   -226.51319805 -326.19867616 -176.30550972  -26.93805636
 -126.52747784 -226.19688102 -269.24688884 -276.51892254 -376.45603609
 -226.69651432  -76.76512536   73.11399602  -26.80678217 -126.63100915
 -226.55765534  -76.8243169   -95.93423359 -195.87049565  -46.00279075
  103.69373444  253.51471746  153.84285485  303.44636674  453.25100482
  353.5666418   253.74653621  153.78098611   54.04708334  203.55935158
  353.48298683  253.99665767  357.99665767  258.36566107  158.52334651
   58.55423918  -41.40103157 -141.39401315 -241.03005954 -179.470041
  -29.90239215 -129.61005142 -229.44438042  -79.94303624   69.95601503
  219.41927816  119.46987894   19.91710048  169.49546305   69.60707853
  -30.12946044  119.49389406  269.46800547  169.54473111  319.28832801
  219.41780498  119.47774774  269.00800428  169.32052312   69.39519088
  219.15778666  119.52540404  269.14259455  418.55918976  318.73487137
  218.81010635  118.99019299   19.30084209  169.20943203   69.32862033
  219.20696236  368.96283304  518.65696598  418.8717458   568.78810404
  469.03044745  618.57238737]",618.5723873745702,6.185723873745702,0.41964285714285715,1.1015797970872732,-6.641771675053243,0.7356837275205163,0.7431717806311174
KROS,8,Rule 8,"[('EMA_50', 1.381, '>'), ('VWAP_20', 15.089, '>'), ('EMA_50', 18.098, '>'), ('SMA_10', 18.149, '<=')]",2.172611871278069,9,"[-23.275007247924805, -99.24590548579843, -1.755040168762207, 149.29282436004684, 149.75806998434496, 149.78703380531695, -99.69678974648374, -99.82623777816713, -99.89124606748886]","[ -23.27500725 -122.52091273 -124.2759529    25.01687146  174.77494144
  324.56197525  224.8651855   125.03894772   25.14770166]",25.147701655083537,0.2514770165508354,0.3333333333333333,1.059353981004333,-2.900019141828727,0.3828964149169814,0.5723556907830024
KROS,9,Rule 9,"[('EMA_50', 1.381, '>'), ('VWAP_20', 15.089, '>'), ('EMA_50', 18.098, '>'), ('SMA_10', 18.149, '>')]",2.172611871278069,179,"[149.85287278650225, -99.81828342495015, 149.00288405795405, -99.61793211732825, -98.8700420739503, 17.820098876953125, 149.25523810174042, -99.20744237226745, -99.47806326631529, -99.9249773121926, -99.22456524968746, -99.32058470918835, -99.3421662876826, 149.38683351705973, -98.99620198141983, 148.45183214123927, -99.91015000528384, -99.85462600750068, 149.68516340915622, -99.24492039116721, -99.53116290029675, -99.93312510398098, -99.52693012619181, 149.07682520627742, -99.97278465248557, 8.900033950805664, 149.11151423712508, 149.95371544700922, -99.47083095116288, -99.4605017955266, -99.67172395308992, 148.4091425109355, -99.14728960659293, 35.999908447265625, 149.2419833327367, 149.06514616600325, -99.76253474337568, -99.95016054451386, 147.78879023118068, 148.19243586429042, 148.8871451355717, 148.46418013585634, -98.44099880166951, -98.27826010773803, -98.64498997013739, 148.87855004816439, -98.05153584598457, 147.62433661396852, -98.29690679046537, 87.73005676269531, 148.7837780768336, -55.020057678222656, -98.10170058419888, -97.96914394327582, 148.4961085645608, 149.85565203632245, 148.34258895075735, 149.11295383781066, 146.81079713268485, 147.83784605418666, -99.5498666034774, -99.76108130196968, -99.59248790040364, 148.19823056784315, -97.75312792371824, -97.3492891835503, 149.05873683500718, -98.00743201727565, -99.0283212380217, 148.76759189296274, -98.92015758229698, -99.46689902625172, -98.43553644116504, -54.34001159667969, -98.2369179585937, 148.24683113888813, -98.86061629467933, -99.61801134923738, -99.47794673905224, 148.62699039542946, -99.38651311634584, 148.71223514412492, -97.81599827756038, -99.24967480296401, -99.01288477365595, -99.32104998945587, -99.74475256696631, -99.39448686314648, -99.00548106562941, 149.05489541348948, -98.30310295779046, -98.4335312771477, 69.9599838256836, -99.40511952009041, -99.09107042340105, 149.9004502216539, -98.06579046200443, -99.521194929449, -99.88962595728725, 148.3881414967936, 149.94612708553854, 149.0727991727548, -99.11050113735976, -99.09291712360059, -98.29946740662952, 147.60056256589843, 81.0, -98.9515231412227, -99.40771179586673, -98.91075318569591, 148.39226636300583, -98.21299854151977, -99.21531500721841, 149.17167164399956, -98.6776728009857, -99.3219021468679, 147.87011722719956, -58.56497573852539, 148.50816913631212, -99.70288811710155, 148.2954724861875, 148.7303069811212, 147.76904010323005, -98.94922607889714, 147.28172781219308, 147.4629812461759, -98.41906913319953, -99.99490046621378, 148.1896016659812, 147.5366378309443, -99.54276573372991, 149.69774996972447, -98.58314979686612, -98.95257105780692, 147.82453857441496, -99.76787800738154, -99.70690192603564, 148.79226799134125, 148.68476736414135, 147.15169283450842, -99.03162693249129, -99.64899467221852, -99.99774833948672, -98.53113918723783, -99.51638200538488, 146.82205436249944, -97.68635398943391, 147.7187194704336, 146.66450287223455, 148.63478860542804, -97.75687270882827, -97.87480161442937, 3.6100101470947266, 149.74033480008225, -99.56947790983043, -99.45641704254014, 24.29978370666504, -99.34286511974797, -99.41939021455198, 149.32463530838473, -99.39299554623625, -99.60032340575708, -99.54416140877524, -99.72616340196296, -99.96970173560048, -99.67179315669253, -99.70190070187024, 149.5789548173556, -99.49663237470544, 149.3345886926043, -99.89982996628976, -99.587763656405, 149.85005300906283, -99.73454590584952, -99.98705534694707, -99.58166362821629, 149.52301874734388, -99.71015706457996, -99.68681299050846]","[ 1.49852873e+02  5.00345894e+01  1.99037473e+02  9.94195413e+01
  5.49499228e-01  1.83695981e+01  1.67624836e+02  6.84173938e+01
 -3.10606694e+01 -1.30985647e+02 -2.30210212e+02 -3.29530797e+02
 -4.28872963e+02 -2.79486129e+02 -3.78482331e+02 -2.30030499e+02
 -3.29940649e+02 -4.29795275e+02 -2.80110112e+02 -3.79355032e+02
 -4.78886195e+02 -5.78819320e+02 -6.78346250e+02 -5.29269425e+02
 -6.29242210e+02 -6.20342176e+02 -4.71230662e+02 -3.21276946e+02
 -4.20747777e+02 -5.20208279e+02 -6.19880003e+02 -4.71470860e+02
 -5.70618150e+02 -5.34618242e+02 -3.85376258e+02 -2.36311112e+02
 -3.36073647e+02 -4.36023807e+02 -2.88235017e+02 -1.40042581e+02
  8.84456384e+00  1.57308744e+02  5.88677452e+01 -3.94105149e+01
 -1.38055505e+02  1.08230451e+01 -8.72284907e+01  6.03958459e+01
 -3.79010609e+01  4.98289959e+01  1.98612774e+02  1.43592716e+02
  4.54910157e+01 -5.24781282e+01  9.60179803e+01  2.45873632e+02
  3.94216221e+02  5.43329175e+02  6.90139972e+02  8.37977818e+02
  7.38427952e+02  6.38666870e+02  5.39074383e+02  6.87272613e+02
  5.89519485e+02  4.92170196e+02  6.41228933e+02  5.43221501e+02
  4.44193180e+02  5.92960771e+02  4.94040614e+02  3.94573715e+02
  2.96138178e+02  2.41798167e+02  1.43561249e+02  2.91808080e+02
  1.92947464e+02  9.33294524e+01 -6.14849439e+00  1.42478496e+02
  4.30919829e+01  1.91804218e+02  9.39882198e+01 -5.26145504e+00
 -1.04274340e+02 -2.03595390e+02 -3.03340142e+02 -4.02734629e+02
 -5.01740110e+02 -3.52685215e+02 -4.50988318e+02 -5.49421849e+02
 -4.79461865e+02 -5.78866985e+02 -6.77958055e+02 -5.28057605e+02
 -6.26123395e+02 -7.25644590e+02 -8.25534216e+02 -6.77146075e+02
 -5.27199948e+02 -3.78127149e+02 -4.77237650e+02 -5.76330567e+02
 -6.74630034e+02 -5.27029472e+02 -4.46029472e+02 -5.44980995e+02
 -6.44388707e+02 -7.43299460e+02 -5.94907193e+02 -6.93120192e+02
 -7.92335507e+02 -6.43163835e+02 -7.41841508e+02 -8.41163410e+02
 -6.93293293e+02 -7.51858269e+02 -6.03350100e+02 -7.03052988e+02
 -5.54757515e+02 -4.06027208e+02 -2.58258168e+02 -3.57207394e+02
 -2.09925667e+02 -6.24626853e+01 -1.60881754e+02 -2.60876655e+02
 -1.12687053e+02  3.48495846e+01 -6.46931811e+01  8.50045689e+01
 -1.35785809e+01 -1.12531152e+02  3.52933866e+01 -6.44744914e+01
 -1.64181393e+02 -1.53891254e+01  1.33295642e+02  2.80447335e+02
  1.81415708e+02  8.17667132e+01 -1.82310351e+01 -1.16762174e+02
 -2.16278556e+02 -6.94565019e+01 -1.67142856e+02 -1.94241365e+01
  1.27240366e+02  2.75875155e+02  1.78118282e+02  8.02434807e+01
  8.38534908e+01  2.33593826e+02  1.34024348e+02  3.45679307e+01
  5.88677144e+01 -4.04751507e+01 -1.39894541e+02  9.43009438e+00
 -8.99629012e+01 -1.89563225e+02 -2.89107386e+02 -3.88833549e+02
 -4.88803251e+02 -5.88475044e+02 -6.88176945e+02 -5.38597990e+02
 -6.38094623e+02 -4.88760034e+02 -5.88659864e+02 -6.88247627e+02
 -5.38397574e+02 -6.38132120e+02 -7.38119176e+02 -8.37700839e+02
 -6.88177821e+02 -7.87887978e+02 -8.87574791e+02]",-887.5747906470277,-8.875747906470277,0.39664804469273746,0.916112898915584,-15.921352100052507,-0.6708132204533929,-0.20762550432500276
LRMR,4,Rule 4,"[('EMA_50', 1.381, '>'), ('VWAP_20', 15.089, '<='), ('SMA_10', 4.092, '<='), ('ATR_50', 0.14, '<=')]",2.161431420388704,196,"[-99.81546350269028, -99.91002035568766, 149.9629660248084, -99.84302285815785, 71.375, 149.98192782515255, -99.89547034892082, 32.61489820480347, -99.97526764322745, -99.987879624506, -99.94366924966351, -22.75997829437256, -99.96009219631954, -99.822460384951, -99.81721603164446, 149.7267010333995, 149.8278164895512, -99.81269705038262, -99.89278219515569, -99.98873616747986, 149.7724540915371, -99.85457046572556, -99.9327699111526, 149.95175261092106, -99.83988230021701, -99.88135671970947, -99.81730841918377, -99.97246324235678, -99.92387271491705, 149.7210369475483, 149.71288900353662, 149.97997150045882, -99.96254932970416, 149.99578920257625, -99.91759440240529, 149.7479861577326, -99.90374654712011, 149.85067175371717, 149.8201132765198, -99.85277217587499, 149.9359690130392, 149.5779067274471, 16.290027618408203, -99.92084441546288, -99.99958226256976, -99.98279144571802, -99.92531133855216, 149.9917051198861, 116.54995059967041, -99.86636586236267, -99.85387820849192, 149.95776532987065, 149.80646751640003, 149.70182105055204, -99.82851385068048, -99.81287372454537, -99.90089623075544, -99.80224322099329, 149.8065024245431, -99.90931085566575, -99.94654346682061, -99.85407932969217, -99.95717706232502, -99.90922900137804, 149.8133632660492, 149.79414757003022, -99.90996882314676, -99.90428952488962, -99.82665307247092, -99.84176393879903, -99.8911634652903, -99.88871721557818, -99.99859545563922, -99.97736502279155, -99.9097731643959, -99.96673088619545, 27.539973735809326, 149.8494347253816, 149.9828905663863, 149.9396040360157, 149.97349919369745, -99.94771774913454, 149.82332423821816, 149.84018762319388, 149.88118911567656, -99.88776764606168, -99.93201422766752, 149.7707253422736, -99.85527778076775, -99.84013593307625, -99.83972361091067, -99.83326137876095, -99.93494535736266, -99.9186046875614, 149.82124075698033, -57.832640409469604, 149.9587596785882, 149.87629747684568, 149.84048356169262, 149.840698630175, 149.9415752639199, -99.94158445434569, 149.83910608914707, 149.98114083049558, -99.96403367300965, -99.88849638833425, -99.84494168262123, 149.68010835557448, 149.90143147131647, -99.89689716129764, 34.52040767669678, 149.8453409803398, -99.89521018173528, 149.88624083261536, 149.81709083116263, -99.99917619645473, -99.85933290732339, 149.75346052138167, -99.93042481981803, -99.90439910368434, 149.83583330385957, -99.83219385125855, 149.78176960317256, -99.78256894204681, -99.80096344126191, 149.87797963038557, -99.88633707180932, 149.96300609651212, -99.78894733075275, 58.75994396209717, 46.52995562553406, 149.7299806209824, 149.91289197858387, 149.81884651906165, -99.8600135903485, -99.88668625630592, 149.85680909381014, -99.96987577286988, 149.80281148360666, -99.85534113487333, 73.59992980957031, -99.82651133737065, 149.72706081298634, -99.93008485964636, -99.86748496363182, -99.85554592519065, 149.76292276162067, 149.9331694974533, 149.89831537071933, -99.85635411002816, -99.80446825181434, -99.92370869714605, -99.939637189073, 149.96202746264257, -26.015031576156616, -99.9081471684424, -99.98591294692513, -99.88767705185504, 149.93140062237703, -99.88138585620823, -99.97838202263759, -99.90629811903902, 149.89759961464722, -99.9353954941066, -99.90475718269747, 149.81483503541475, -99.85913243543307, 149.73406011212325, -99.91004424617363, -99.97040294045571, -99.83525469866547, -99.85854445944912, 149.98421543709082, -99.95760179352644, -99.90306696689146, -99.93708487508547, -99.92524646939, 149.8450518364066, 149.77614481603672, 149.77930893465543, 149.76992597207723, -99.82671381903003, 149.72293656583378, -99.84574220972328, -99.87323794311594, -99.8049744868821, 39.82747793197632, -99.9352985098648, -99.91232045911414, -99.94448623625888, 149.86905223608107, 149.88923749108935, 149.9097925436106, -99.89570849109833, -99.80807852886461, 149.85735105123533]","[  -99.8154635   -199.72548386   -49.76251783  -149.60554069
   -78.23054069    71.75138713   -28.14408322     4.47081499
   -95.50445265  -195.49233228  -295.43600153  -318.19597982
  -418.15607202  -517.9785324   -617.79574844  -468.0690474
  -318.24123091  -418.05392796  -517.94671016  -617.93544633
  -468.16299223  -568.0175627   -667.95033261  -517.99858
  -617.8384623   -717.71981902  -817.53712744  -917.50959068
 -1017.4334634   -867.71242645  -717.99953745  -568.01956594
  -667.98211527  -517.98632607  -617.90392047  -468.15593432
  -568.05968086  -418.20900911  -268.38889583  -368.24166801
  -218.305699     -68.72779227   -52.43776465  -152.35860907
  -252.35819133  -352.34098277  -452.26629411  -302.27458899
  -185.72463839  -285.59100426  -385.44488246  -235.48711713
   -85.68064962    64.02117143   -35.80734242  -135.62021614
  -235.52111237  -335.32335559  -185.51685317  -285.42616403
  -385.37270749  -485.22678682  -585.18396388  -685.09319289
  -535.27982962  -385.48568205  -485.39565087  -585.2999404
  -685.12659347  -784.96835741  -884.85952087  -984.74823809
 -1084.74683355 -1184.72419857 -1284.63397173 -1384.60070262
 -1357.06072888 -1207.21129416 -1057.22840359  -907.28879955
  -757.31530036  -857.26301811  -707.43969387  -557.59950625
  -407.71831713  -507.60608478  -607.53809901  -457.76737366
  -557.62265145  -657.46278738  -757.30251099  -857.13577237
  -957.07071773 -1056.98932241  -907.16808166  -965.00072207
  -815.04196239  -665.16566491  -515.32518135  -365.48448272
  -215.54290745  -315.48449191  -165.64538582   -15.66424499
  -115.62827866  -215.51677505  -315.36171673  -165.68160838
   -15.78017691  -115.67707407   -81.15666639    68.68867459
   -31.20653559   118.67970524   268.49679607   168.49761988
    68.63828697   218.39174749   118.46132267    18.55692357
   168.39275687    68.56056302   218.34233262   118.55976368
    18.75880024   168.63677987    68.7504428    218.71344889
   118.92450156   177.68444552   224.21440115   373.94438177
   523.85727375   673.67612027   573.81610668   473.92942042
   623.78622952   523.81635374   673.61916523   573.76382409
   647.3637539    547.53724256   697.26430338   597.33421852
   497.46673355   397.61118763   547.37411039   697.30727989
   847.20559526   747.34924115   647.5447729    547.6210642
   447.68142701   597.64345447   571.6284229    471.72027573
   371.73436278   271.84668573   421.77808635   321.8967005
   221.91831847   122.01202035   271.90961997   171.97422447
    72.06946729   221.88430233   122.02516989   271.75923
   171.84918576    71.87878282   -27.95647188  -127.81501634
    22.1691991    -77.7884027   -177.69146966  -277.62855454
  -377.55380101  -227.70874917   -77.93260436    71.84670458
   221.61663055   121.78991673   271.5128533    171.66711109
    71.79387314   -28.01110134    11.81637659   -88.11892192
  -188.03124238  -287.97572862  -138.10667638    11.78256111
   161.69235366    61.79664516   -38.01143336   111.84591769]",111.84591768634459,1.118459176863446,0.41836734693877553,1.009990803150662,-14.459770041707722,0.0760949284655916,0.5546910249430084
LRMR,5,Rule 5,"[('EMA_50', 1.381, '>'), ('VWAP_20', 15.089, '<='), ('SMA_10', 4.092, '<='), ('ATR_50', 0.14, '>')]",2.161431420388704,6,"[-2.237508535385132, -99.77187670251081, 149.72965271942505, 149.6688667121614, 149.28857350490173, -99.96190496681382]","[  -2.23750854 -102.00938524   47.72026748  197.38913419  346.6777077
  246.71580273]",246.71580273177844,2.4671580273177844,0.5,2.221538974582563,-0.9979420574122359,5.262943523060053,0.8666445787483813
LRMR,6,Rule 6,"[('EMA_50', 1.381, '>'), ('VWAP_20', 15.089, '<='), ('SMA_10', 4.092, '>'), ('SMA_10', 9.943, '<=')]",2.161431420388704,170,"[-99.91242503925226, 149.80293612020958, 149.8065588062958, -99.90199640927565, -99.8553739095695, -99.92885718962006, -99.99980529540638, 149.74155386083567, -99.92559132515284, 149.98441128135892, 149.86423794244072, 149.65879674866864, -99.77019031041937, -99.84675138177644, -99.77683887393025, 149.7241010724246, 149.84221801560818, 149.99963627165164, 149.73035003200098, 149.95891599997427, -99.96406389169162, -99.93465064276185, 149.61925284121966, -99.7247402172426, 149.54301249809026, 149.42843200643895, -99.83312898135719, -99.9025557228606, 149.26152903166226, 149.65686792689237, -99.78429171611207, 148.69019465709056, 149.14292458033617, -99.57719364808763, -4.289961814880371, -99.90271452553834, -99.89870166597265, 149.87630416319266, -99.75223047787942, 149.42667553009213, -99.7128741694921, -28.63494300842285, -99.97891915661698, -99.76441726416388, 149.68810845788, -99.95691579234321, 149.75878288464838, -99.94360957498128, -99.7379473066089, 149.4782279006212, 149.60812886205696, -99.93458880371276, 149.51556681310103, 149.61110947329763, -99.74211983459907, -99.73382235346051, 149.40861073607294, -99.74605304546972, 149.94313823042287, -99.67656434123909, -99.83561561196827, -99.86575254267498, 149.45070896727862, -99.51411258243317, 149.96508543453376, 149.85828797466618, -45.77009868621826, -99.8269266484238, -99.72217814299155, -99.68628284249704, -99.92776041224768, 149.85685930711776, -99.99884019398205, -99.67506358997261, 149.90390503327538, -99.889273890697, 149.8186203272803, 149.69994748196598, -99.9080475457343, 149.5007315943338, 149.74074329004182, 3.5024566650390625, -99.73700013850886, -99.94400462343921, -99.89166693821393, -99.77354507882589, -99.81238742226438, 53.04005479812622, -99.87552725562843, 149.82876053993263, -30.900117874145508, 149.65791356337135, -99.81897427040423, -99.94072261897996, -99.90224399221461, -99.82724775799193, 149.81737290998456, 149.62722847072135, 149.7890414733773, -99.78424100809184, -99.93632957294128, -99.79049033870251, -38.23753070831299, -34.16991949081421, 149.9370259351446, -99.90166618875413, -99.90774210205863, 149.7403792744801, 149.74588415569963, -99.69235622040046, 149.96374420740057, 149.49851605580676, -99.78345911515689, 149.91027816566208, -99.80008310056094, -99.94236737277852, 149.42585269970655, 149.36357784003994, -99.7389970863043, -99.72445709746329, -99.60539691295929, -99.88304100927326, -99.74703222558398, 53.999996185302734, 149.6335988821899, -99.86147295067803, -99.72263793693381, -99.98342767677316, -99.85753445256879, -13.99998664855957, -99.97192116125345, -99.92326504319585, -99.78507270207447, 149.99894457096948, -99.91249303128662, 149.95402559792427, -99.99621821830577, 149.74235345519892, -99.78619378219307, 149.38772546303036, -1.8900432586669922, 9.415087223052979, -99.93615285755223, 149.92500635649526, -99.82132630832548, -99.86681182497084, 149.82026679195909, -99.66670099231561, -27.494959831237793, 149.64348756451062, -99.8441614181145, -99.85741964837443, -99.7268741797573, -99.98680996355668, 149.74774795371619, -99.98879588338812, -99.94612395071215, 149.90823982693004, 149.92607705324883, -99.86656688049801, 149.71312043617735, -99.91830386120111, -51.17511034011841, -99.9306675483916, -99.90463347367971, -99.88547445830237, -99.84052320012033, -99.95728286893765, 149.8577287023073, -99.91784472687564]","[-9.99124250e+01  4.98905111e+01  1.99697070e+02  9.97950735e+01
 -6.03004316e-02 -9.99891576e+01 -1.99988963e+02 -5.02474091e+01
 -1.50173000e+02 -1.88589100e-01  1.49675649e+02  2.99334446e+02
  1.99564255e+02  9.97175039e+01 -5.93349746e-02  1.49664766e+02
  2.99506984e+02  4.49506620e+02  5.99236970e+02  7.49195886e+02
  6.49231823e+02  5.49297172e+02  6.98916425e+02  5.99191685e+02
  7.48734697e+02  8.98163129e+02  7.98330000e+02  6.98427444e+02
  8.47688973e+02  9.97345841e+02  8.97561550e+02  1.04625174e+03
  1.19539467e+03  1.09581748e+03  1.09152751e+03  9.91624799e+02
  8.91726097e+02  1.04160240e+03  9.41850171e+02  1.09127685e+03
  9.91563972e+02  9.62929029e+02  8.62950110e+02  7.63185693e+02
  9.12873801e+02  8.12916885e+02  9.62675668e+02  8.62732059e+02
  7.62994111e+02  9.12472339e+02  1.06208047e+03  9.62145879e+02
  1.11166145e+03  1.26127256e+03  1.16153044e+03  1.06179661e+03
  1.21120522e+03  1.11145917e+03  1.26140231e+03  1.16172575e+03
  1.06189013e+03  9.62024377e+02  1.11147509e+03  1.01196097e+03
  1.16192606e+03  1.31178435e+03  1.26601425e+03  1.16618732e+03
  1.06646514e+03  9.66778860e+02  8.66851100e+02  1.01670796e+03
  9.16709119e+02  8.17034055e+02  9.66937961e+02  8.67048687e+02
  1.01686731e+03  1.16656725e+03  1.06665921e+03  1.21615994e+03
  1.36590068e+03  1.36940314e+03  1.26966614e+03  1.16972213e+03
  1.06983047e+03  9.70056922e+02  8.70244534e+02  9.23284589e+02
  8.23409062e+02  9.73237822e+02  9.42337704e+02  1.09199562e+03
  9.92176644e+02  8.92235921e+02  7.92333677e+02  6.92506429e+02
  8.42323802e+02  9.91951031e+02  1.14174007e+03  1.04195583e+03
  9.42019502e+02  8.42229011e+02  8.03991481e+02  7.69821561e+02
  9.19758587e+02  8.19856921e+02  7.19949179e+02  8.69689558e+02
  1.01943544e+03  9.19743086e+02  1.06970683e+03  1.21920535e+03
  1.11942189e+03  1.26933217e+03  1.16953208e+03  1.06958971e+03
  1.21901557e+03  1.36837915e+03  1.26864015e+03  1.16891569e+03
  1.06931029e+03  9.69427253e+02  8.69680221e+02  9.23680217e+02
  1.07331382e+03  9.73452343e+02  8.73729705e+02  7.73746278e+02
  6.73888743e+02  6.59888756e+02  5.59916835e+02  4.59993570e+02
  3.60208498e+02  5.10207442e+02  4.10294949e+02  5.60248975e+02
  4.60252756e+02  6.09995110e+02  5.10208916e+02  6.59596642e+02
  6.57706598e+02  6.67121686e+02  5.67185533e+02  7.17110539e+02
  6.17289213e+02  5.17422401e+02  6.67242668e+02  5.67575967e+02
  5.40081007e+02  6.89724494e+02  5.89880333e+02  4.90022913e+02
  3.90296039e+02  2.90309229e+02  4.40056977e+02  3.40068181e+02
  2.40122057e+02  3.90030297e+02  5.39956374e+02  4.40089807e+02
  5.89802928e+02  4.89884624e+02  4.38709514e+02  3.38778846e+02
  2.38874213e+02  1.38988738e+02  3.91482149e+01 -6.08090680e+01
  8.90486607e+01 -1.08691840e+01]",-10.86918400684658,-0.1086918400684658,0.3941176470588235,0.998863288657938,-12.579483628186741,-0.008598246129024188,-0.02841303167491072
LRMR,7,Rule 7,"[('EMA_50', 1.381, '>'), ('VWAP_20', 15.089, '<='), ('SMA_10', 4.092, '>'), ('SMA_10', 9.943, '>')]",2.161431420388704,12,"[-99.30159083816699, 148.86614078887126, -99.43105319584137, -63.69997024536133, -23.599977493286133, -99.8393844958727, -99.33239626960614, -99.97288453118439, 149.36934695951587, -99.92256069642805, -99.70636334215615, 2.6250600814819336]","[ -99.30159084   49.56454995  -49.86650325 -113.56647349 -137.16645098
 -237.00583548 -336.33823175 -436.31111628 -286.94176932 -386.86433002
 -486.57069336 -483.94563328]",-483.94563327803417,-4.839456332780342,0.25,0.38335649625637147,-5.334910190838568,-6.745590151704929,-0.9292802484518324
